-- phpMyAdmin SQL Dump
-- version 4.0.10.14
-- http://www.phpmyadmin.net
--
-- Host: localhost:3306
-- Generation Time: Sep 15, 2016 at 06:45 PM
-- Server version: 10.0.25-MariaDB-cll-lve
-- PHP Version: 5.6.20

SET SQL_MODE = "NO_AUTO_VALUE_ON_ZERO";
SET time_zone = "+00:00";


/*!40101 SET @OLD_CHARACTER_SET_CLIENT=@@CHARACTER_SET_CLIENT */;
/*!40101 SET @OLD_CHARACTER_SET_RESULTS=@@CHARACTER_SET_RESULTS */;
/*!40101 SET @OLD_COLLATION_CONNECTION=@@COLLATION_CONNECTION */;
/*!40101 SET NAMES utf8 */;

--
-- Database: `melbou99_mysql`
--

DELIMITER $$
--
-- Functions
--
CREATE DEFINER=`melbou99`@`localhost` FUNCTION `CurrentTimeMelbourne`() RETURNS datetime
    NO SQL
RETURN AddTime(CURRENT_TIMESTAMP, '02:00:00')$$

DELIMITER ;

-- --------------------------------------------------------

--
-- Table structure for table `AuditLog`
--

CREATE TABLE IF NOT EXISTS `AuditLog` (
  `AuditLogId` int(4) NOT NULL AUTO_INCREMENT,
  `Type` varchar(1) COLLATE utf8_unicode_ci NOT NULL COMMENT 'Either M or R',
  `Id` int(4) NOT NULL COMMENT 'Either the RegistrantId or MainContactId',
  `ChangeText` varchar(2000) COLLATE utf8_unicode_ci NOT NULL,
  `DateTime` datetime NOT NULL DEFAULT CURRENT_TIMESTAMP,
  PRIMARY KEY (`AuditLogId`)
) ENGINE=InnoDB  DEFAULT CHARSET=utf8 COLLATE=utf8_unicode_ci AUTO_INCREMENT=43 ;

--
-- Dumping data for table `AuditLog`
--

INSERT INTO `AuditLog` (`AuditLogId`, `Type`, `Id`, `ChangeText`, `DateTime`) VALUES
(1, 'R', 3, '[{"FieldName":"Surname","OldValue":"S","NewValue":"Se"},{"FieldName":"Age","OldValue":"41","NewValue":"40"},{"FieldName":"Role","OldValue":"Church member","NewValue":"Guest"},{"FieldName":"Fee","OldValue":"350","NewValue":400},{"FieldName":"Pensioner","OldValue":"1","NewValue":false}]', '2016-05-20 20:37:02'),
(2, 'R', 3, '[{"FieldName":"Pensioner","OldValue":"1","NewValue":false}]', '2016-05-20 20:40:54'),
(3, 'R', 3, '[{"FieldName":"Fee","OldValue":"400","NewValue":350},{"FieldName":"Pensioner","OldValue":"0","NewValue":true}]', '2016-05-20 20:43:19'),
(4, 'M', 3, '[{"FieldName":"Fee","OldValue":"400","NewValue":350},{"FieldName":"Comments","OldValue":"This is a test but i would like two separate rooms.","NewValue":""},{"FieldName":"Pensioner","OldValue":"0","NewValue":true}]', '2016-05-22 12:25:39'),
(5, 'M', 3, '[{"FieldName":"Fee","OldValue":"350","NewValue":400},{"FieldName":"Pensioner","OldValue":"1","NewValue":false}]', '2016-05-22 14:18:51'),
(6, 'M', 6, '[{"FieldName":"Cancelled","OldValue":"0","NewValue":true}]', '2016-05-23 12:21:09'),
(7, 'R', 4, '[{"FieldName":"Cancelled","OldValue":"0","NewValue":true}]', '2016-05-24 10:46:10'),
(8, 'M', 3, '[{"FieldName":"Surname","OldValue":"Huynh","NewValue":"Huynh1"}]', '2016-05-27 12:00:02'),
(9, 'M', 14, '[{"FieldName":"Cancelled","OldValue":"0","NewValue":true}]', '2016-06-02 10:42:11'),
(10, 'R', 16, '[{"FieldName":"Fee","OldValue":"275","NewValue":375},{"FieldName":"Cancelled","OldValue":"0","NewValue":true}]', '2016-06-02 10:42:25'),
(11, 'M', 13, '[{"FieldName":"Cancelled","OldValue":"0","NewValue":true}]', '2016-06-02 22:33:57'),
(12, 'R', 13, '[{"FieldName":"Fee","OldValue":"325","NewValue":425}]', '2016-06-03 09:57:01'),
(13, 'M', 15, '[{"FieldName":"Cancelled","OldValue":"0","NewValue":true}]', '2016-06-28 21:04:13'),
(14, 'R', 17, '[{"FieldName":"Cancelled","OldValue":"0","NewValue":true}]', '2016-06-28 21:04:38'),
(15, 'R', 18, '[{"FieldName":"Cancelled","OldValue":"0","NewValue":true}]', '2016-06-28 21:04:52'),
(16, 'R', 19, '[{"FieldName":"Cancelled","OldValue":"0","NewValue":true}]', '2016-06-28 21:05:08'),
(17, 'R', 20, '[{"FieldName":"Cancelled","OldValue":"0","NewValue":true}]', '2016-06-28 21:05:43'),
(18, 'M', 19, '[{"FieldName":"Cancelled","OldValue":"0","NewValue":true}]', '2016-06-30 19:11:14'),
(19, 'R', 25, '[{"FieldName":"Cancelled","OldValue":"0","NewValue":true}]', '2016-06-30 19:11:23'),
(20, 'R', 26, '[{"FieldName":"Cancelled","OldValue":"0","NewValue":true}]', '2016-06-30 19:11:31'),
(21, 'M', 31, '[{"FieldName":"Cancelled","OldValue":"0","NewValue":true}]', '2016-07-19 12:10:37'),
(22, 'R', 34, '[{"FieldName":"Cancelled","OldValue":"0","NewValue":true}]', '2016-07-19 12:10:48'),
(23, 'R', 36, '[{"FieldName":"Fee","OldValue":"350","NewValue":445},{"FieldName":"Cancelled","OldValue":"\\u0000","NewValue":false}]', '2016-08-03 21:38:30'),
(24, 'M', 46, '[{"FieldName":"Cancelled","OldValue":"0","NewValue":true}]', '2016-08-15 14:28:51'),
(25, 'M', 47, '[{"FieldName":"Cancelled","OldValue":"0","NewValue":true}]', '2016-08-15 14:29:05'),
(26, 'M', 48, '[{"FieldName":"Cancelled","OldValue":"0","NewValue":true}]', '2016-08-15 14:29:14'),
(27, 'M', 49, '[{"FieldName":"Cancelled","OldValue":"0","NewValue":true}]', '2016-08-15 14:29:20'),
(28, 'M', 50, '[{"FieldName":"Cancelled","OldValue":"0","NewValue":true}]', '2016-08-15 14:29:25'),
(29, 'M', 51, '[{"FieldName":"Cancelled","OldValue":"0","NewValue":true}]', '2016-08-15 14:29:29'),
(30, 'M', 51, '[{"FieldName":"Cancelled","OldValue":"1","NewValue":false}]', '2016-08-15 14:29:51'),
(31, 'M', 51, '[{"FieldName":"Cancelled","OldValue":"0","NewValue":true}]', '2016-08-15 14:30:03'),
(32, 'M', 52, '[{"FieldName":"Cancelled","OldValue":"0","NewValue":true}]', '2016-08-15 14:33:26'),
(33, 'M', 53, '[{"FieldName":"Cancelled","OldValue":"0","NewValue":true}]', '2016-08-15 14:37:21'),
(34, 'M', 17, '[{"FieldName":"Cancelled","OldValue":"0","NewValue":true}]', '2016-08-18 13:55:50'),
(35, 'M', 55, '[{"FieldName":"Cancelled","OldValue":"0","NewValue":true}]', '2016-08-22 23:50:56'),
(36, 'M', 76, '[{"FieldName":"Cancelled","OldValue":"0","NewValue":true}]', '2016-09-03 19:55:54'),
(37, 'R', 2, '[{"FieldName":"AirportTransfer","OldValue":"0","NewValue":true},{"FieldName":"Fee","OldValue":"350","NewValue":375}]', '2016-09-07 21:05:08'),
(38, 'M', 97, '[{"FieldName":"Cancelled","OldValue":"0","NewValue":true}]', '2016-09-11 20:45:58'),
(39, 'M', 99, '[{"FieldName":"Church","OldValue":"H\\u1ed9i Th\\u00e1nh Tin L\\u00e0nh Vi\\u1ec7t Nam Adelaide (CMA) SA","NewValue":"H\\u1ed9i Th\\u00e1nh Tin L\\u00e0nh Vi\\u1ec7t Nam Nam U\\u0301c (VECA) SA"}]', '2016-09-11 21:22:17'),
(40, 'M', 100, '[{"FieldName":"Church","OldValue":"H\\u1ed9i Th\\u00e1nh Tin L\\u00e0nh Vi\\u1ec7t Nam Adelaide (CMA) SA","NewValue":"H\\u1ed9i Th\\u00e1nh Tin L\\u00e0nh Vi\\u1ec7t Nam Nam U\\u0301c (VECA) SA"}]', '2016-09-11 21:23:05'),
(41, 'R', 58, '[{"FieldName":"Cancelled","OldValue":"0","NewValue":true}]', '2016-09-12 19:10:54'),
(42, 'R', 136, '[{"FieldName":"Firstname","OldValue":"Th\\u1ecb Ng\\u1ecdc Anh","NewValue":"Ng\\u1ecdc-Anh Th\\u1ecb"}]', '2016-09-13 21:41:53');

-- --------------------------------------------------------

--
-- Table structure for table `DataLog`
--

CREATE TABLE IF NOT EXISTS `DataLog` (
  `Id` bigint(8) NOT NULL AUTO_INCREMENT,
  `jsonData` varchar(2000) COLLATE utf8_unicode_ci NOT NULL,
  `DateTime` datetime NOT NULL DEFAULT CURRENT_TIMESTAMP,
  `IP` varchar(50) COLLATE utf8_unicode_ci NOT NULL,
  `Status` smallint(1) DEFAULT NULL COMMENT '1 = inserted main, 2 errors,  3 inserted members',
  `Reference` varchar(30) COLLATE utf8_unicode_ci NOT NULL,
  `ClientBrowser` varchar(200) COLLATE utf8_unicode_ci NOT NULL,
  `messageId` varchar(50) COLLATE utf8_unicode_ci DEFAULT NULL,
  PRIMARY KEY (`Id`)
) ENGINE=InnoDB  DEFAULT CHARSET=utf8 COLLATE=utf8_unicode_ci AUTO_INCREMENT=109 ;

--
-- Dumping data for table `DataLog`
--

INSERT INTO `DataLog` (`Id`, `jsonData`, `DateTime`, `IP`, `Status`, `Reference`, `ClientBrowser`, `messageId`) VALUES
(1, '{"Firstname":"Nguyệt Ánh","Surname":"Huỳnh","Age":"56","Role":"Hội viên Hội thánh","Gender":"F","Church":"Hội Thánh Tin Lành Việt Nam Nam Úc (VECA) SA","Email":"nguyet.a@hotmail.com","Phone":"+61434343600","Airbed":false,"AirportTransfer":false,"Fee":400,"Registrants":[{"Firstname":"Thanh Tòng","Surname":"Nguyễn","Age":55,"Role":"Hội viên Hội thánh","Gender":"M","Relation":"Husband","DiscountFamily":"-","Airbed":false,"AirportTransfer":false,"Fee":400,"Cancelled":false,"DiscountAmount":0},{"Firstname":"Nguyệt Hồng","Surname":"Huỳnh","Age":65,"Role":"Hội viên Hội thánh","Gender":"F","Relation":"Relative","DiscountFamily":"-","Airbed":false,"AirportTransfer":false,"Fee":350,"Cancelled":false,"DiscountAmount":0}],"Comments":"","Reference":"MELBOURNE2016","Cancelled":false,"DiscountAmount":0}', '2016-05-18 16:27:46', '14.203.49.49', 3, 'QGI1B/B62817E8', 'Mozilla/5.0 (Windows NT 10.0; Win64; x64) AppleWebKit/537.36 (KHTML, like Gecko) Chrome/51.0.2704.47 Safari/537.36', '7AAFA68086400D8657222418226849CC'),
(2, '{"Firstname":"NGUYEN","Surname":"THI E LY","Age":"35","Role":"Hội viên Hội thánh","Gender":"F","Church":"Từ Việt Nam - Vietnam","Email":"eli.nguyen@hotmail.com","Phone":"+841235602923","Airbed":false,"AirportTransfer":true,"Fee":425,"Registrants":[],"Comments":"","Reference":"MELBOURNE2016","Cancelled":false,"DiscountAmount":0,"Pensioner":false}', '2016-05-19 14:34:04', '1.52.36.72', 1, '5K403/23CBB3CE', 'Mozilla/5.0 (Windows NT 6.1) AppleWebKit/537.36 (KHTML, like Gecko) Chrome/50.0.2661.102 Safari/537.36', NULL),
(3, '{"Firstname":"Kyle","Surname":"Huynh","Age":"36","Role":"Church member","Gender":"M","Church":"Hội Thánh Tin Lành Springvale (VECA) VIC","Email":"kyle@instil.org.au","Phone":"+61403478387","Airbed":false,"AirportTransfer":false,"Fee":400,"Registrants":[{"Firstname":"Dinesh","Surname":"S","Age":41,"Role":"Church member","Gender":"M","Relation":"Friend","DiscountFamily":"-","Airbed":false,"AirportTransfer":false,"Fee":350,"Cancelled":false,"DiscountAmount":0,"Pensioner":true},{"Firstname":"Sandy","Surname":"F","Age":37,"Role":"Guest","Gender":"M","Relation":"Friend","DiscountFamily":"-","Airbed":false,"AirportTransfer":false,"Fee":400,"Cancelled":false,"DiscountAmount":0,"Pensioner":false}],"Comments":"This is a test but i would like two separate rooms.","Reference":"MELBOURNE2016","Cancelled":false,"DiscountAmount":0,"Pensioner":false}', '2016-05-20 10:23:36', '203.94.152.98', 3, 'XIDV9/9080C1D2', 'Mozilla/5.0 (Windows NT 10.0; WOW64) AppleWebKit/537.36 (KHTML, like Gecko) Chrome/50.0.2661.102 Safari/537.36', 'BC453DB8B96CE5DF034C7B4D834B931B'),
(4, '{"Firstname":"Văn Noi","Surname":"Nguyễn","Age":"60","Role":"Chấp sự","Gender":"M","Church":"Hội Thánh Tin Lành Việt Nam Bankstown (IND) NSW","Email":"noi_nga@yahoo.com.au","Phone":"+61414171115","Airbed":false,"AirportTransfer":true,"Fee":425,"Registrants":[{"Firstname":"Nga Thị Tuyết","Surname":"Nguyễn","Age":55,"Role":"Church member","Gender":"F","Relation":"Wife","DiscountFamily":"-","Airbed":false,"AirportTransfer":true,"Fee":425,"Cancelled":false,"DiscountAmount":0,"Pensioner":false},{"Firstname":"Văn Bông","Surname":"Nguyễn","Age":79,"Role":"Church member","Gender":"M","Relation":"Friend","DiscountFamily":"-","Airbed":false,"AirportTransfer":true,"Fee":375,"Cancelled":false,"DiscountAmount":0,"Pensioner":true},{"Firstname":"Bạch Tuyết","Surname":"Nguyễn","Age":77,"Role":"Church member","Gender":"F","Relation":"Friend","DiscountFamily":"-","Airbed":false,"AirportTransfer":true,"Fee":375,"Cancelled":false,"DiscountAmount":0,"Pensioner":true},{"Firstname":"Kim Loan","Surname":"Trần","Age":50,"Role":"Church member","Gender":"F","Relation":"Friend","DiscountFamily":"-","Airbed":false,"AirportTransfer":true,"Fee":425,"Cancelled":false,"DiscountAmount":0,"Pensioner":false}],"Comments":"","Reference":"MELBOURNE2016","Cancelled":false,"DiscountAmount":0,"Pensioner":false}', '2016-05-20 23:07:26', '211.28.224.41', 3, '09PN8/C0E9FA62', 'Mozilla/5.0 (Windows NT 10.0; WOW64) AppleWebKit/537.36 (KHTML, like Gecko) Chrome/50.0.2661.102 Safari/537.36', 'F483EF5E0818EC983DD6DD54359039E1'),
(5, '{"Firstname":"thi to lien","Surname":"nguyen","Age":"50","Role":"Hội viên Hội thánh","Gender":"F","Church":"Hội Thánh Tin Lành Việt Nam Bankstown (IND) NSW","Email":"pickylien@yahoo.com.au","Phone":"+61431475986","Airbed":false,"AirportTransfer":true,"Fee":425,"Registrants":[],"Comments":"","Reference":"MELBOURNE2016","Cancelled":false,"DiscountAmount":0,"Pensioner":false}', '2016-05-21 07:27:17', '58.108.229.243', 1, '6Z75H/1356A87D', 'Mozilla/5.0 (Windows NT 6.1; WOW64) AppleWebKit/537.36 (KHTML, like Gecko) Chrome/50.0.2661.102 Safari/537.36', 'A05F9BA0F9BE283B1862F3907BEDD2AB'),
(6, '{"Firstname":"test","Surname":"test","Age":"25","Role":"Deacon","Gender":"M","Church":"Hội Thánh Cơ Đốc Vĩnh Hằng (IND) WA","Email":"kyle@instil.org.au","Phone":"+61395485689","Airbed":false,"AirportTransfer":false,"Fee":400,"Registrants":[],"Comments":"","Reference":"MELBOURNE2016","Cancelled":false,"DiscountAmount":0,"Pensioner":false}', '2016-05-22 21:26:14', '203.219.180.157', 1, '36WTG/7561D022', 'Mozilla/5.0 (Windows NT 10.0; WOW64) AppleWebKit/537.36 (KHTML, like Gecko) Chrome/50.0.2661.102 Safari/537.36', NULL),
(7, '{"Firstname":"Ngoc Nhu Quyen","Surname":"NGUYEN","Age":"43","Role":"Church member","Gender":"F","Church":"Từ Việt Nam - Vietnam","Email":"long_doan@yahoo.com","Phone":"+61401041495","Airbed":false,"AirportTransfer":false,"Fee":400,"Registrants":[],"Comments":"","Reference":"MELBOURNE2016","Cancelled":false,"DiscountAmount":0,"Pensioner":false}', '2016-05-23 11:10:13', '59.154.146.20', 1, 'V03RJ/875452A4', 'Mozilla/5.0 (compatible; MSIE 10.0; Windows NT 6.1; WOW64; Trident/6.0)', 'BF413FC6AA0CF89782414FBDCF9A4009'),
(8, '{"Firstname":"Đa - Vít","Surname":"Võ","Age":"56","Role":"Chấp sự","Gender":"M","Church":"Từ Việt Nam - Vietnam","Email":"hoanguyen.hn98@gmail.com","Phone":"+84908575766","Airbed":false,"AirportTransfer":false,"Fee":400,"Registrants":[{"Firstname":"Thanh Thuy","Surname":"Vo","Age":54,"Role":"Hội viên Hội thánh","Gender":"F","Relation":"Relative","DiscountFamily":"-","Airbed":false,"AirportTransfer":false,"Fee":400,"Cancelled":false,"DiscountAmount":0,"Pensioner":false}],"Comments":"Tôi cần hóa đơn thanh toán  và giấy giấy giới thiệu từ Đại Hội để làm thủ tục đi Úc. Xin cảm ơn ban tổ chức.","Reference":"MELBOURNE2016","Cancelled":false,"DiscountAmount":0,"Pensioner":false}', '2016-05-27 10:26:25', '121.209.66.148', 3, 'C6HUB/431E86C0', 'Mozilla/5.0 (Windows NT 10.0; WOW64) AppleWebKit/537.36 (KHTML, like Gecko) Chrome/50.0.2661.102 Safari/537.36', NULL),
(9, '{"Firstname":"Thị Thu Hường","Surname":"Nguyễn","Age":"28","Role":"Thân hữu","Gender":"F","Church":"Từ Việt Nam - Vietnam","Email":"baomy060614@gmail.com","Phone":"+84902332217","Airbed":false,"AirportTransfer":false,"Fee":400,"Registrants":[],"Comments":"","Reference":"MELBOURNE2016","Cancelled":false,"DiscountAmount":0,"Pensioner":false}', '2016-05-28 01:46:21', '171.250.182.100', 1, 'QU5YN/BCDC84D5', 'Mozilla/5.0 (iPad; CPU OS 8_1 like Mac OS X) AppleWebKit/600.1.4 (KHTML, like Gecko) Mobile/12B410 [FBAN/FBIOS;FBAV/56.0.0.58.135;FBBV/30582859;FBRV/0;FBDV/iPad4,2;FBMD/iPad;FBSN/iPhone OS;FBSV/8.1;FB', NULL),
(10, '{"Firstname":"van","Surname":"huynh","Age":"20","Role":"Church member","Gender":"M","Church":"Chi hội Báp-tít Người Hoa (Bap) VIC","Email":"van8000@yahoo.com","Phone":"+16173873455","Airbed":false,"AirportTransfer":false,"Fee":400,"Registrants":[],"Comments":"","Reference":"MELBOURNE2016","Cancelled":false,"DiscountAmount":0,"Pensioner":false}', '2016-05-28 01:46:32', '73.186.243.32', 1, 'XD1NI/BD828864', 'Mozilla/5.0 (Windows NT 10.0; WOW64; Trident/7.0; Touch; MASMJS; rv:11.0) like Gecko', NULL),
(11, '{"Firstname":"Văn Công","Surname":"Nguyễn","Age":"80","Role":"Pastor","Gender":"M","Church":"Hội Thánh Tin Lành Bình An (Bap) NSW","Email":"hoanguyen.hn98@gmail.com","Phone":"+61431642805","Airbed":false,"AirportTransfer":true,"Fee":375,"Registrants":[{"Firstname":"Thị Em","Surname":"Đặng","Age":65,"Role":"Pastor","Gender":"F","Relation":"Wife","DiscountFamily":"-","Airbed":false,"AirportTransfer":true,"Fee":375,"Cancelled":false,"DiscountAmount":0,"Pensioner":true},{"Firstname":"Thị Bích Châu","Surname":"Nguyễn","Age":54,"Role":"Chấp sự","Gender":"F","Relation":"Relative","DiscountFamily":"-","Airbed":false,"AirportTransfer":true,"Fee":425,"Cancelled":false,"DiscountAmount":0,"Pensioner":false}],"Comments":"Xin Ban Tổ Chức sắp xếp cho tín đồ Hội Thánh Bình An ở chung 1 khu vực tại Đại Hội. Xin BTC cũng giúp cho 2 người đã đăng ký là ông Võ Đa-Vít (Việt Nam) và người em gái Cô Võ Thị Thanh Thủy ở chung đoàn với Hội Thánh Bình An. Xin cám ơn BTC.\\n\\nTuesday  27th December 2016 Sydney  to  Melbourne 12:00 PM - 01:35 PM \\nVirgin Australia International Flight 838 \\nDepart: Sydney Intl (Kingsford Smith) Airport (SYD), Sydney\\nArrive:\\tTullamarine Intl Airport (MEL), Melbourne\\nEconomy Class - Boeing 737","Reference":"MELBOURNE2016","Cancelled":false,"DiscountAmount":0,"Pensioner":true}', '2016-05-29 14:33:30', '110.146.160.56', 3, 'R30IJ/11A7F9AB', 'Mozilla/5.0 (Windows NT 6.1; WOW64) AppleWebKit/537.36 (KHTML, like Gecko) Chrome/50.0.2661.102 Safari/537.36', '16158E8D9976AC43C5E40A733350E782'),
(12, '{"Firstname":"Thị Mỹ Dung","Surname":"Lê","Age":"68","Role":"Hội viên Hội thánh","Gender":"F","Church":"Hội Thánh Tin Lành Bình An (Bap) NSW","Email":"hoanguyen.hn98@gmail.com","Phone":"+61414148989","Airbed":false,"AirportTransfer":true,"Fee":375,"Registrants":[{"Firstname":"Thị Hoa Hường","Surname":"Nguyễn","Age":30,"Role":"Chấp sự","Gender":"F","Relation":"Daughter","DiscountFamily":"-","Airbed":false,"AirportTransfer":true,"Fee":375,"Cancelled":false,"DiscountAmount":0,"Pensioner":true},{"Firstname":"Thi Hoa Lan","Surname":"Nguyễn","Age":33,"Role":"Hội viên Hội thánh","Gender":"F","Relation":"Daughter","DiscountFamily":"2nd child over 5yo","Airbed":false,"AirportTransfer":true,"Fee":325,"Cancelled":false,"DiscountAmount":0,"Pensioner":false},{"Firstname":"Martin Nguyên","Surname":"Dương","Age":2,"Role":"Hội viên Hội thánh","Gender":"M","Relation":"Relative","DiscountFamily":"-","Airbed":false,"AirportTransfer":true,"Fee":75,"Cancelled":false,"DiscountAmount":0,"Pensioner":false},{"Firstname":"Rachel Nguyên","Surname":"Dương","Age":0,"Role":"Hội viên Hội thánh","Gender":"F","Relation":"Relative","DiscountFamily":"2nd child 5yo or under","Airbed":false,"AirportTransfer":true,"Fee":25,"Cancelled":false,"DiscountAmount":0,"Pensioner":false}],"Comments":"Tuesday  27th December 2016\\nSydney  to  Melbourne\\n\\n12:00 PM - 01:35 PM \\n\\nVirgin Australia International Flight 838 \\n\\n Depart:\\tSydney Intl (Kingsford Smith) Airport (SYD), Sydney\\nArrive:\\tTullamarine Intl Airport (MEL), Melbourne\\n\\nEconomy Class - Boeing 737","Reference":"MELBOURNE2016","Cancelled":false,"DiscountAmount":0,"Pensioner":true}', '2016-05-29 15:27:15', '110.146.160.56', 3, '35BNM/DB382125', 'Mozilla/5.0 (Windows NT 6.1; WOW64) AppleWebKit/537.36 (KHTML, like Gecko) Chrome/50.0.2661.102 Safari/537.36', 'AD0CD2319B0739268B661FBC97FF3D68'),
(13, '{"Firstname":"Van Noi","Surname":"Nguyen","Age":"60","Role":"Chấp sự","Gender":"M","Church":"Hội Thánh Tin Lành Việt Nam Bankstown (IND) NSW","Email":"noi_nga@yahoo.com.au","Phone":"+61414171115","Airbed":false,"AirportTransfer":false,"Fee":400,"Registrants":[{"Firstname":"Cynthie","Surname":"Nguyen","Age":58,"Role":"","Gender":"F","Relation":"Friend","DiscountFamily":"-","Airbed":false,"AirportTransfer":true,"Fee":425,"Cancelled":false,"DiscountAmount":0,"Pensioner":false}],"Comments":"Xin book them Co Cynthie Nguyen vao danh sach tham du DH/TLLH ky V. Cam on BTC/DH","Reference":"MELBOURNE2016","Cancelled":false,"DiscountAmount":0,"Pensioner":false}', '2016-05-31 13:44:15', '210.10.218.126', 3, 'U7XIN/88FE8928', 'Mozilla/5.0 (X11; Linux i686; rv:31.0) Gecko/20100101 Firefox/31.0 Iceweasel/31.5.0', '1AB0C5488E022E8395A200DC958531BB'),
(14, '{"Firstname":"Lê","Surname":"Võ","Age":"31","Role":"Mục sư","Gender":"M","Church":"Hội Thánh Tin Lành Việt Nam Brisbane (VECA) QLD","Email":"kyle@instil.org.au","Phone":"+61395485689","Airbed":false,"AirportTransfer":true,"Fee":425,"Registrants":[{"Firstname":"Thái","Surname":"Tiều","Age":71,"Role":"Hội viên Hội thánh","Gender":"F","Relation":"Son","DiscountFamily":"2nd child over 5yo","Airbed":false,"AirportTransfer":true,"Fee":275,"Cancelled":false,"DiscountAmount":0,"Pensioner":false}],"Comments":"","Reference":"MELBOURNE2016","Cancelled":false,"DiscountAmount":0,"Pensioner":false}', '2016-06-02 09:46:32', '203.94.152.98', 3, 'RG8SM/3D8AE42A', 'Mozilla/5.0 (Windows NT 10.0; WOW64) AppleWebKit/537.36 (KHTML, like Gecko) Chrome/51.0.2704.63 Safari/537.36', NULL),
(15, '{"Firstname":"Thục Anh","Surname":"Lý","Age":"45","Role":"Hội viên Hội thánh","Gender":"F","Church":"Hội Thánh Tin Lành Bình An (Bap) NSW","Email":"hoanguyen.hn98@gmail.com","Phone":"+61420234848","Airbed":false,"AirportTransfer":true,"Fee":425,"Registrants":[{"Firstname":"Thi Kim Hoa ","Surname":"Nguyễn","Age":65,"Role":"Hội viên Hội thánh","Gender":"F","Relation":"Friend","DiscountFamily":"-","Airbed":false,"AirportTransfer":true,"Fee":375,"Cancelled":false,"DiscountAmount":0,"Pensioner":true}],"Comments":"Virgin Australia 838\\nSydney to Melbourne. Arrive at 1:35pm. \\nĐi chung với phái đoàn của HT Binh An Sydney (MS Nguyễn Văn Công)","Reference":"MELBOURNE2016","Cancelled":false,"DiscountAmount":0,"Pensioner":false}', '2016-06-07 17:02:21', '120.17.138.183', 3, 'U1YQJ/17D4C82F', 'Mozilla/5.0 (iPhone; CPU iPhone OS 9_3_2 like Mac OS X) AppleWebKit/601.1.46 (KHTML, like Gecko) Version/9.0 Mobile/13F69 Safari/601.1', '25187A1F45DB523AED808645FB931961'),
(16, '{"Firstname":"Thị Lý","Surname":"Nguyễn","Age":"59","Role":"Thân hữu","Gender":"F","Church":"Từ Việt Nam - Vietnam","Email":"ntbh2012@gmail.com","Phone":"+84907747329","Airbed":false,"AirportTransfer":true,"Fee":425,"Registrants":[{"Firstname":"thị bích trâm","Surname":"nguyễn","Age":32,"Role":"Thân hữu","Gender":"F","Relation":"Daughter","DiscountFamily":"-","Airbed":false,"AirportTransfer":false,"Fee":400,"Cancelled":false,"DiscountAmount":0,"Pensioner":false},{"Firstname":"thị bích huyền","Surname":"nguyễn","Age":30,"Role":"Thân hữu","Gender":"F","Relation":"Daughter","DiscountFamily":"-","Airbed":false,"AirportTransfer":false,"Fee":400,"Cancelled":false,"DiscountAmount":0,"Pensioner":false},{"Firstname":"thị hoa","Surname":"nguyễn","Age":60,"Role":"Thân hữu","Gender":"F","Relation":"-","DiscountFamily":"-","Airbed":false,"AirportTransfer":true,"Fee":425,"Cancelled":false,"DiscountAmount":0,"Pensioner":false},{"Firstname":"thị kim hằng","Surname":"nguyễn","Age":49,"Role":"Thân hữu","Gender":"F","Relation":"-","DiscountFamily":"-","Airbed":false,"AirportTransfer":true,"Fee":425,"Cancelled":false,"DiscountAmount":0,"Pensioner":false}],"Comments":"","Reference":"MELBOURNE2016","Cancelled":false,"DiscountAmount":0,"Pensioner":false}', '2016-06-12 17:55:30', '113.163.253.218', 3, 'J6OCE/572BD71E', 'Mozilla/5.0 (Windows NT 5.1) AppleWebKit/537.36 (KHTML, like Gecko) Chrome/49.0.2623.112 Safari/537.36', NULL),
(17, '{"Firstname":"Dinesh","Surname":"Sanakumaran","Age":"42","Role":"Church member","Gender":"M","Church":"Hội Thánh Tin Lành Springvale (VECA) VIC","Email":"dineshjs@hotmail.com","Phone":"+61401322447","Airbed":false,"AirportTransfer":false,"Fee":400,"Registrants":[],"Comments":"","Reference":"MELBOURNE2016","Cancelled":false,"DiscountAmount":0,"Pensioner":false}', '2016-06-12 18:58:00', '203.219.180.157', 1, 'XKRYZ/418F3601', 'Mozilla/5.0 (Windows NT 10.0; WOW64) AppleWebKit/537.36 (KHTML, like Gecko) Chrome/51.0.2704.84 Safari/537.36', 'A6915018A2A68ECC94B8A1FFDBCB02A7'),
(18, '{"Firstname":"Văn Năm","Surname":"Trần","Age":"80","Role":"Thân hữu","Gender":"M","Church":"Hội Thánh Tin Lành Việt Nam Bankstown (IND) NSW","Email":"noi_nga@yahoo.com.au","Phone":"+61414171115","Airbed":false,"AirportTransfer":true,"Fee":375,"Registrants":[],"Comments":"","Reference":"MELBOURNE2016","Cancelled":false,"DiscountAmount":0,"Pensioner":true}', '2016-06-12 19:02:36', '211.28.224.41', 1, 'DBRXK/52CA8B91', 'Mozilla/5.0 (Windows NT 10.0; WOW64) AppleWebKit/537.36 (KHTML, like Gecko) Chrome/51.0.2704.84 Safari/537.36', '32F19EEE66BA71B4763B194586FA2655'),
(19, '{"Firstname":"Thị Lý","Surname":"Nguyễn","Age":"59","Role":"Thân hữu","Gender":"F","Church":"Từ Việt Nam - Vietnam","Email":"ntbh2012@gmail.com","Phone":"+84907747329","Airbed":false,"AirportTransfer":false,"Fee":400,"Registrants":[{"Firstname":"Thị Bích Trâm","Surname":"Nguyễn","Age":32,"Role":"Thân hữu","Gender":"F","Relation":"Daughter","DiscountFamily":"-","Airbed":false,"AirportTransfer":false,"Fee":400,"Cancelled":false,"DiscountAmount":0,"Pensioner":false},{"Firstname":"thị bích huyền","Surname":"nguyễn","Age":30,"Role":"Thân hữu","Gender":"F","Relation":"Daughter","DiscountFamily":"-","Airbed":false,"AirportTransfer":false,"Fee":400,"Cancelled":false,"DiscountAmount":0,"Pensioner":false},{"Firstname":"thị hoa","Surname":"nguyễn","Age":60,"Role":"Thân hữu","Gender":"F","Relation":"Relative","DiscountFamily":"-","Airbed":false,"AirportTransfer":false,"Fee":400,"Cancelled":false,"DiscountAmount":0,"Pensioner":false},{"Firstname":"thị kim hằng","Surname":"nguyễn","Age":49,"Role":"Thân hữu","Gender":"F","Relation":"Relative","DiscountFamily":"-","Airbed":false,"AirportTransfer":false,"Fee":400,"Cancelled":false,"DiscountAmount":0,"Pensioner":false}],"Comments":"","Reference":"MELBOURNE2016","Cancelled":false,"DiscountAmount":0,"Pensioner":false}', '2016-06-18 22:21:32', '113.163.253.218', 3, 'CHX6U/CCCEA198', 'Mozilla/5.0 (Windows NT 5.1) AppleWebKit/537.36 (KHTML, like Gecko) Chrome/49.0.2623.112 Safari/537.36', NULL),
(20, '{"Firstname":"Thuan","Surname":"Luu","Age":"50","Role":"Hội viên Hội thánh","Gender":"M","Church":"Từ Châu Á - Asia","Email":"hongthao_luu@yahoo.com","Phone":"+61402445428","Airbed":false,"AirportTransfer":false,"Fee":400,"Registrants":[{"Firstname":"Hong","Surname":"Nguyen","Age":40,"Role":"Hội viên Hội thánh","Gender":"F","Relation":"Wife","DiscountFamily":"-","Airbed":false,"AirportTransfer":false,"Fee":400,"Cancelled":false,"DiscountAmount":0,"Pensioner":false},{"Firstname":"Thao","Surname":"Luu","Age":15,"Role":"","Gender":"","Relation":"-","DiscountFamily":"-","Airbed":false,"AirportTransfer":false,"Fee":400,"Cancelled":false,"DiscountAmount":0,"Pensioner":false}],"Comments":"","Reference":"MELBOURNE2016","Cancelled":false,"DiscountAmount":0,"Pensioner":false}', '2016-06-19 20:20:53', '120.144.12.51', 3, 'BQC6W/20597E1A', 'Mozilla/5.0 (Windows NT 6.1; WOW64) AppleWebKit/537.36 (KHTML, like Gecko) Chrome/51.0.2704.84 Safari/537.36', '3EB66B90EA55BEE5FE317445B5B80E12'),
(21, '{"Firstname":"Thuan","Surname":"Luu","Age":"50","Role":"Hội viên Hội thánh","Gender":"M","Church":"Từ Châu Á - Asia","Email":"hongthao_luu@yahoo.com","Phone":"+61402445428","Airbed":false,"AirportTransfer":false,"Fee":400,"Registrants":[{"Firstname":"Hong","Surname":"Nguyen","Age":40,"Role":"Hội viên Hội thánh","Gender":"F","Relation":"Wife","DiscountFamily":"-","Airbed":false,"AirportTransfer":false,"Fee":400,"Cancelled":false,"DiscountAmount":0,"Pensioner":false},{"Firstname":"Thao","Surname":"Luu","Age":15,"Role":"Hội viên Hội thánh","Gender":"F","Relation":"Daughter","DiscountFamily":"-","Airbed":false,"AirportTransfer":false,"Fee":400,"Cancelled":false,"DiscountAmount":0,"Pensioner":false},{"Firstname":"Phi","Surname":"Luu","Age":8,"Role":"Hội viên Hội thánh","Gender":"M","Relation":"Son","DiscountFamily":"2nd child over 5yo","Airbed":false,"AirportTransfer":false,"Fee":220,"Cancelled":false,"DiscountAmount":0,"Pensioner":false}],"Comments":"We are, a family of four members, from the philippines. We would like to be registered under or close to Reservoir church members.\\n\\nThanks,\\n\\nThuan","Reference":"MELBOURNE2016","Cancelled":false,"DiscountAmount":0,"Pensioner":false}', '2016-06-19 20:36:53', '120.144.12.51', 3, '97J9W/5C59ABCA', 'Mozilla/5.0 (Windows NT 6.1; WOW64) AppleWebKit/537.36 (KHTML, like Gecko) Chrome/51.0.2704.84 Safari/537.36', 'E7541F595B78A16D836E34E132C9A158'),
(22, '{"Firstname":"Dũng","Surname":"Phạm","Age":"47","Role":"Thân hữu","Gender":"M","Church":"Từ Việt Nam - Vietnam","Email":"ntbh2012@gmail.com","Phone":"+84907747329","Airbed":false,"AirportTransfer":false,"Fee":400,"Registrants":[],"Comments":"","Reference":"MELBOURNE2016","Cancelled":false,"DiscountAmount":0,"Pensioner":false}', '2016-06-21 17:36:01', '123.22.205.74', 1, '81VHF/E619B9D2', 'Mozilla/5.0 (Windows NT 5.1) AppleWebKit/537.36 (KHTML, like Gecko) Chrome/49.0.2623.112 Safari/537.36', NULL),
(23, '{"Firstname":"Lê Quốc Tuấn","Surname":"Hoàng","Age":"51","Role":"Hội viên Hội thánh","Gender":"M","Church":"Từ Việt Nam - Vietnam","Email":"hoanglequoctuan78@gmail.com","Phone":"+84938784678","Airbed":false,"AirportTransfer":false,"Fee":400,"Registrants":[],"Comments":"","Reference":"MELBOURNE2016","Cancelled":false,"DiscountAmount":0,"Pensioner":false}', '2016-06-21 23:05:37', '58.108.223.127', 1, '3QL77/BA108705', 'Mozilla/5.0 (Windows NT 10.0) AppleWebKit/537.36 (KHTML, like Gecko) Chrome/50.0.2661.102 Safari/537.36', NULL),
(24, '{"Firstname":"Hải","Surname":"Trịnh","Age":"66","Role":"Hội viên Hội thánh","Gender":"M","Church":"Hội Thánh Tin Lành Việt Nam Seddon (CMA) VIC","Email":"johnvntruong@gmail.com","Phone":"+61402445428","Airbed":false,"AirportTransfer":false,"Fee":350,"Registrants":[{"Firstname":"Yến","Surname":"Phạm","Age":65,"Role":"","Gender":"M","Relation":"Wife","DiscountFamily":"-","Airbed":false,"AirportTransfer":false,"Fee":350,"Cancelled":false,"DiscountAmount":0,"Pensioner":false}],"Comments":"I like to be close to Reservoir Baptist Church members","Reference":"MELBOURNE2016","Cancelled":false,"DiscountAmount":0,"Pensioner":false}', '2016-06-22 18:52:50', '120.144.12.51', 3, 'CR6KQ/1E216F50', 'Mozilla/5.0 (Windows NT 6.1; WOW64) AppleWebKit/537.36 (KHTML, like Gecko) Chrome/51.0.2704.103 Safari/537.36', 'EFE58919D5E0E1DB8585207A137E3FAA'),
(25, '{"Firstname":"Test","Surname":"Test","Age":"90","Role":"Chấp sự","Gender":"M","Church":"Hội Thánh Tin Lành Việt Nam Bankstown (IND) NSW","Email":"kyle@instil.org.au","Phone":"+61395485689","Airbed":false,"AirportTransfer":true,"Fee":375,"Registrants":[{"Firstname":"Phùng test","Surname":"Thái test","Age":31,"Role":"Chấp sự","Gender":"M","Relation":"Husband","DiscountFamily":"-","Airbed":false,"AirportTransfer":true,"Fee":375,"Cancelled":false,"DiscountAmount":0,"Pensioner":true}],"Comments":"","Reference":"MELBOURNE2016","Cancelled":false,"DiscountAmount":0,"Pensioner":false}', '2016-06-24 00:21:44', '203.219.180.157', 3, 'N2A4K/07801BF5', 'Mozilla/5.0 (iPhone; CPU iPhone OS 9_3_2 like Mac OS X) AppleWebKit/601.1.46 (KHTML, like Gecko) Version/9.0 Mobile/13F69 Safari/601.1', NULL),
(26, '{"Firstname":"Nga","Surname":"Hồ Thị","Age":"33","Role":"Hội viên Hội thánh","Gender":"F","Church":"Từ Việt Nam - Vietnam","Email":"ngaho2910@gmail.com","Phone":"+84932643536","Airbed":false,"AirportTransfer":true,"Fee":425,"Registrants":[],"Comments":"","Reference":"MELBOURNE2016","Cancelled":false,"DiscountAmount":0,"Pensioner":false}', '2016-06-29 18:16:23', '42.117.253.248', 1, 'GV5TQ/3D744480', 'Mozilla/5.0 (iPad; CPU OS 9_3_2 like Mac OS X) AppleWebKit/601.1.46 (KHTML, like Gecko) Mobile/13F69 [FBAN/FBIOS;FBAV/58.0.0.49.140;FBBV/32437772;FBRV/0;FBDV/iPad2,1;FBMD/iPad;FBSN/iPhone OS;FBSV/9.3.', NULL),
(27, '{"Firstname":"Thị Hồng","Surname":"Nguyễn","Age":"68","Role":"Church member","Gender":"F","Church":"Từ Việt Nam - Vietnam","Email":"toansamsbackup@gmail.com","Phone":"+61434286329","Airbed":false,"AirportTransfer":false,"Fee":350,"Registrants":[],"Comments":"con trai là thành viên hội thánh West Footscray (UCA) VIC","Reference":"MELBOURNE2016","Cancelled":false,"DiscountAmount":0,"Pensioner":false}', '2016-07-05 12:15:16', '58.108.223.127', 1, '30KF4/834E10FB', 'Mozilla/5.0 (Windows NT 10.0) AppleWebKit/537.36 (KHTML, like Gecko) Chrome/50.0.2661.102 Safari/537.36', 'D3656671CCBF4B0B05908477B10D99D7'),
(28, '{"Firstname":"Kim Anh","Surname":"Nguyen","Age":"21","Role":"Hội viên Hội thánh","Gender":"F","Church":"Hội Thánh Tin Lành Việt Nam Kingsgrove (CMA) NSW","Email":"kimmmanh@gmail.com","Phone":"+61417437914","Airbed":false,"AirportTransfer":false,"Fee":400,"Registrants":[{"Firstname":"Katrina Khanh","Surname":"Nguyen","Age":14,"Role":"","Gender":"F","Relation":"-","DiscountFamily":"-","Airbed":false,"AirportTransfer":false,"Fee":400,"Cancelled":false,"DiscountAmount":0,"Pensioner":false}],"Comments":"Kính chào Ban tổ chức Đại Hội.\\nKim Anh Nguyễn và Katrina Khanh Nguyễn là hai chị em. Xin vui lòng để các cháu cùng một phòng gần Ông Bà Nội các cháu là Mục Sư và Nguyễn Văn Công. Thành thật cám ơn.\\nTB: Trong web-side phần RELATION: CHƯA CÓ BROTHER OR SISTER.","Reference":"MELBOURNE2016","Cancelled":false,"DiscountAmount":0,"Pensioner":false}', '2016-07-09 23:44:50', '58.166.212.176', 3, 'NOMDY/FD2C5207', 'Mozilla/5.0 (Windows NT 6.1) AppleWebKit/537.36 (KHTML, like Gecko) Chrome/51.0.2704.103 Safari/537.36', '975EF684F90E7BD5A02634BF7D203687'),
(29, '{"Firstname":"nguyễn kim cường","Surname":"cường","Age":"32","Role":"Truyền đạo","Gender":"M","Church":"Từ Việt Nam - Vietnam","Email":"cuongnk@ntea.vn","Phone":"+84905894444","Airbed":false,"AirportTransfer":true,"Fee":425,"Registrants":[],"Comments":"","Reference":"MELBOURNE2016","Cancelled":false,"DiscountAmount":0,"Pensioner":false}', '2016-07-10 03:33:50', '113.185.25.119', 1, 'IV2A1/57E0D3B9', 'Mozilla/5.0 (iPad; CPU OS 8_2 like Mac OS X) AppleWebKit/600.1.4 (KHTML, like Gecko) Version/8.0 Mobile/12D508 Safari/600.1.4', NULL),
(30, '{"Firstname":"trần hà phương","Surname":"phương","Age":"28","Role":"Truyền đạo","Gender":"F","Church":"Từ Việt Nam - Vietnam","Email":"phuongth@ntea.vn","Phone":"+841697264444","Airbed":false,"AirportTransfer":true,"Fee":425,"Registrants":[],"Comments":"","Reference":"MELBOURNE2016","Cancelled":false,"DiscountAmount":0,"Pensioner":false}', '2016-07-10 03:41:50', '113.185.25.19', 1, 'SE2Q4/75E76C5B', 'Mozilla/5.0 (iPad; CPU OS 8_2 like Mac OS X) AppleWebKit/600.1.4 (KHTML, like Gecko) Version/8.0 Mobile/12D508 Safari/600.1.4', NULL),
(31, '{"Firstname":"Hồ Triệu Ngọc Luân","Surname":"Hồ Triệu","Age":"64","Role":"Hội viên Hội thánh","Gender":"M","Church":"Hội Thánh Tin Lành ACT (VECA) ACT","Email":"ht333@optusnet.com.au","Phone":"+61403881212","Airbed":false,"AirportTransfer":true,"Fee":425,"Registrants":[{"Firstname":"Nguyễn Thị Xuân Đào","Surname":"Nguyễn","Age":62,"Role":"","Gender":"F","Relation":"Wife","DiscountFamily":"-","Airbed":false,"AirportTransfer":true,"Fee":425,"Cancelled":false,"DiscountAmount":0,"Pensioner":false}],"Comments":"Arrival time in Melbourne Airport 10.15AM, 27/12/2016  (on QANTAS Flight QF811)\\n\\nDeparture time from Melbourne Airport 19.05 (PM), 31/12/2016 (by QANTAS Flight QF1542)\\n         (at least 1 hour before departure time required by Qantas)","Reference":"MELBOURNE2016","Cancelled":false,"DiscountAmount":0,"Pensioner":false}', '2016-07-12 13:55:26', '1.40.115.159', 3, '9NF9I/A2E753E7', 'Mozilla/5.0 (Windows NT 5.1; rv:47.0) Gecko/20100101 Firefox/47.0', '8B239416B6B5661AEE63F0158D23991E'),
(32, '{"Firstname":"La","Surname":"Lương","Age":"30","Role":"Church member","Gender":"M","Church":"Hội Thánh Tin Lành Trưởng Lão Thánh Kinh (Pre) QLD","Email":"kyle@instil.org.au","Phone":"+61395485689","Airbed":false,"AirportTransfer":false,"Fee":400,"Registrants":[{"Firstname":"Phan","Surname":"Thái","Age":60,"Role":"Mục sư","Gender":"M","Relation":"Relative","DiscountFamily":"-","Airbed":false,"AirportTransfer":false,"Fee":400,"Cancelled":false,"DiscountAmount":0,"Pensioner":false}],"Comments":"","Reference":"MELBOURNE2016","Cancelled":false,"DiscountAmount":0,"Pensioner":false}', '2016-07-19 12:09:25', '203.94.152.98', 3, 'CTKU4/BD596D92', 'Mozilla/5.0 (Windows NT 10.0; WOW64) AppleWebKit/537.36 (KHTML, like Gecko) Chrome/51.0.2704.103 Safari/537.36', NULL),
(33, '{"Firstname":"Jenny","Surname":"Vu","Age":"20","Role":"Church member","Gender":"F","Church":"Other...","Email":"jennieee.xd@hotmail.com","Phone":"+61410167064","Airbed":false,"AirportTransfer":false,"Fee":400,"Registrants":[],"Comments":"Can I please have a room near Kim Anh Nguyen (reference: NOMDY/FD2C5207)? As we are close friends travelling together. Thank You!","Reference":"MELBOURNE2016","Cancelled":false,"DiscountAmount":0,"Pensioner":false}', '2016-07-20 20:31:31', '211.30.26.245', 1, 'OYFST/30331C00', 'Mozilla/5.0 (Macintosh; Intel Mac OS X 10_10_2) AppleWebKit/537.36 (KHTML, like Gecko) Chrome/51.0.2704.103 Safari/537.36', '050F527CA8360EEBA78B82A58E51FAFF'),
(34, '{"Firstname":"Lưu","Surname":"Mai","Age":"52","Role":"Guest","Gender":"M","Church":"Hội Thánh Tin Lành ACT (VECA) ACT","Email":"kyle@instil.org.au","Phone":"+61395485689","Airbed":false,"AirportTransfer":true,"Fee":375,"Registrants":[{"Firstname":"Vĩnh","Surname":"Trang","Age":94,"Role":"Guest","Gender":"M","Relation":"Wife","DiscountFamily":"-","Airbed":false,"AirportTransfer":true,"Fee":375,"Cancelled":false,"DiscountAmount":0,"Pensioner":false}],"Comments":"","Reference":"MELBOURNE2016","Cancelled":false,"DiscountAmount":0,"Pensioner":true}', '2016-08-03 16:35:52', '203.94.152.98', 3, '1AMI5/0C83DB69', 'Mozilla/5.0 (Windows NT 10.0; WOW64) AppleWebKit/537.36 (KHTML, like Gecko) Chrome/51.0.2704.103 Safari/537.36', NULL),
(35, '{"Firstname":"Lý","Surname":"La","Age":"68","Role":"Chấp sự","Gender":"M","Church":"Hội Thánh Tin Lành Báp-tít Kew (Bap) VIC","Email":"kyle@instil.org.au","Phone":"+61395485689","Airbed":false,"AirportTransfer":true,"Fee":375,"Registrants":[{"Firstname":"Lục","Surname":"Cao","Age":21,"Role":"Mục sư","Gender":"","Relation":"Relative","DiscountFamily":"-","Airbed":false,"AirportTransfer":false,"Fee":350,"Cancelled":false,"DiscountAmount":0,"Pensioner":true}],"Comments":"","Reference":"MELBOURNE2016","Cancelled":false,"DiscountAmount":0,"Pensioner":true}', '2016-08-03 16:40:20', '203.94.152.98', 3, 'SHHFV/1D4E47EE', 'Mozilla/5.0 (Windows NT 10.0; WOW64) AppleWebKit/537.36 (KHTML, like Gecko) Chrome/51.0.2704.103 Safari/537.36', NULL),
(36, '{"Firstname":"Bưu","Surname":"Triệu","Age":"88","Role":"Chấp sự","Gender":"M","Church":"Hội Thánh Tin Lành Việt Nam Perth (VECA) WA","Email":"kyle@instil.org.au","Phone":"+61403478387","Airbed":false,"AirportTransfer":false,"Fee":350,"Registrants":[{"Firstname":"Hoàng","Surname":"Lương","Age":64,"Role":"Hội viên Hội thánh","Gender":"M","Relation":"Wife","DiscountFamily":"-","Airbed":false,"AirportTransfer":true,"Fee":375,"Cancelled":false,"DiscountAmount":0,"Pensioner":true},{"Firstname":"Võ","Surname":"Mai","Age":65,"Role":"","Gender":"M","Relation":"Mother","DiscountFamily":"-","Airbed":false,"AirportTransfer":true,"Fee":375,"Cancelled":false,"DiscountAmount":0,"Pensioner":true},{"Firstname":"Tôn","Surname":"Trang","Age":38,"Role":"Chấp sự","Gender":"M","Relation":"Father","DiscountFamily":"-","Airbed":false,"AirportTransfer":false,"Fee":350,"Cancelled":false,"DiscountAmount":0,"Pensioner":true},{"Firstname":"Banh","Surname":"Tạ","Age":47,"Role":"Hội viên Hội thánh","Gender":"","Relation":"Grandfather","DiscountFamily":"-","Airbed":false,"AirportTransfer":true,"Fee":375,"Cancelled":false,"DiscountAmount":0,"Pensioner":true}],"Comments":"ghjghjghj","Reference":"MELBOURNE2016","Cancelled":false,"DiscountAmount":0,"Pensioner":false}', '2016-08-03 22:37:12', '203.219.180.157', 3, 'VMUU3/5781C932', 'Mozilla/5.0 (Windows NT 10.0; WOW64) AppleWebKit/537.36 (KHTML, like Gecko) Chrome/51.0.2704.103 Safari/537.36', 'B7CD3074D72263798F28482B0A380D13'),
(37, '{"Firstname":"test","Surname":"test","Age":"48","Role":"Deacon","Gender":"M","Church":"Woodville North Baptist Church (Bap) SA","Email":"kyle@instil.org.au","Phone":"+61395485689","Airbed":false,"AirportTransfer":false,"Fee":400,"Registrants":[],"Comments":"test","Reference":"MELBOURNE2016","Cancelled":false,"DiscountAmount":0,"Pensioner":false}', '2016-08-04 15:03:35', '203.94.152.98', 1, '5PSQ5/CA7DDD3A', 'Mozilla/5.0 (Windows NT 10.0; WOW64; Trident/7.0; rv:11.0) like Gecko', NULL),
(38, '{"Firstname":"Thu Huong","Surname":"Nguyen","Age":"60","Role":"Guest","Gender":"F","Church":"Other...","Email":"huongnguyeninaus@gmail.com","Phone":"+61466640117","Airbed":false,"AirportTransfer":false,"Fee":350,"Registrants":[],"Comments":"","Reference":"MELBOURNE2016","Cancelled":false,"DiscountAmount":0,"Pensioner":true}', '2016-08-07 19:08:00', '203.219.180.157', 1, 'NM6SA/A7017C0D', 'Mozilla/5.0 (iPhone; CPU iPhone OS 9_3_3 like Mac OS X) AppleWebKit/601.1.46 (KHTML, like Gecko) Version/9.0 Mobile/13G34 Safari/601.1', '4AD38AEE90002BC050940A1C555ADBD4'),
(39, '{"Firstname":"Thu Lan","Surname":"Nguyen","Age":"43","Role":"Hội viên Hội thánh","Gender":"F","Church":"Từ Việt Nam - Vietnam","Email":"ruthvntruong@gmail.com","Phone":"+61439001891","Airbed":false,"AirportTransfer":false,"Fee":400,"Registrants":[],"Comments":"Muốn được ở chung với thành viên hội thánh Baptit Reservoir","Reference":"MELBOURNE2016","Cancelled":false,"DiscountAmount":0,"Pensioner":false}', '2016-08-07 22:03:44', '121.214.22.221', 1, 'W5E7X/3A09C159', 'Mozilla/5.0 (Windows NT 10.0; WOW64) AppleWebKit/537.36 (KHTML, like Gecko) Chrome/52.0.2743.116 Safari/537.36', '144AA8AB8D9F7F8FC0DF7D28FBEBA0F5'),
(40, '{"Firstname":"Chu Thái Sơn","Surname":"Chu","Age":"48","Role":"Chấp sự","Gender":"M","Church":"Hội Thánh Tin Lành Việt Nam Bankstown (IND) NSW","Email":"noi_nga@yahoo.com.au","Phone":"+61414171115","Airbed":false,"AirportTransfer":false,"Fee":400,"Registrants":[{"Firstname":"Nguyễn Xuân Vinh","Surname":"Nguyễn","Age":33,"Role":"","Gender":"F","Relation":"Wife","DiscountFamily":"-","Airbed":false,"AirportTransfer":false,"Fee":400,"Cancelled":false,"DiscountAmount":0,"Pensioner":false},{"Firstname":"Hứa Thị Đào","Surname":"Hứa","Age":72,"Role":"","Gender":"F","Relation":"Mother","DiscountFamily":"-","Airbed":false,"AirportTransfer":false,"Fee":350,"Cancelled":false,"DiscountAmount":0,"Pensioner":false},{"Firstname":"Chu Minh Nghi","Surname":"Chu","Age":9,"Role":"","Gender":"F","Relation":"Daughter","DiscountFamily":"-","Airbed":false,"AirportTransfer":false,"Fee":320,"Cancelled":false,"DiscountAmount":0,"Pensioner":false},{"Firstname":"Chu Minh Khuê","Surname":"Chu","Age":5,"Role":"","Gender":"F","Relation":"Daughter","DiscountFamily":"2nd child 5yo or under","Airbed":false,"AirportTransfer":false,"Fee":0,"Cancelled":false,"DiscountAmount":0,"Pensioner":false},{"Firstname":"Nguyễn Đức Thắng","Surname":"Nguyễn","Age":39,"Role":"","Gender":"M","Relation":"Husband","DiscountFamily":"-","Airbed":false,"AirportTransfer":false,"Fee":400,"Cancelled":false,"DiscountAmount":0,"Pensioner":false},{"Firstname":"Huỳnh Thị Tâm An","Surname":"Huỳnh","Age":33,"Role":"","Gender":"F","Relation":"Wife","DiscountFamily":"-","Airbed":false,"AirportTransfer":false,"Fee":400,"Cancelled":false,"DiscountAmount":0,"Pensioner":false},{"Firstname":"Nguyễn Huỳnh Minh Khôi","Surname":"Nguyễn","Age":4,"Role":"","Gender":"M","Relation":"Son","DiscountFamily":"-","Airbed":false,"AirportTransfer":false,"Fee":50,"Cancelled":false,"DiscountAmount":0,"Pensioner":false},{"Firstname":"Nguyễn Huỳnh Minh Khang","Surname":"Nguyễn","Age":2,"Role":"","Gender":"M","Relation":"Son","Discou', '2016-08-07 23:10:44', '211.28.224.41', NULL, 'UVX38/3544B718', 'Mozilla/5.0 (Windows NT 10.0; WOW64) AppleWebKit/537.36 (KHTML, like Gecko) Chrome/51.0.2704.103 Safari/537.36', '2714634F7320C848FDD5C4ECEB0FE2AA'),
(41, '{"Firstname":"HONG THI","Surname":"NGUYEN","Age":"61","Role":"Chấp sự","Gender":"F","Church":"Hội Thánh Tin Lành Báp-tít Reservoir (Bap) VIC","Email":"ruthvntruong@gmail.com","Phone":"+61439001891","Airbed":false,"AirportTransfer":false,"Fee":400,"Registrants":[{"Firstname":"CATRIONA","Surname":"MACH","Age":19,"Role":"","Gender":"F","Relation":"Daughter","DiscountFamily":"-","Airbed":false,"AirportTransfer":false,"Fee":400,"Cancelled":false,"DiscountAmount":0,"Pensioner":false}],"Comments":"","Reference":"MELBOURNE2016","Cancelled":false,"DiscountAmount":0,"Pensioner":false}', '2016-08-09 19:12:00', '110.149.117.208', 3, 'NCFOB/E60EF7EF', 'Mozilla/5.0 (Windows NT 10.0; WOW64) AppleWebKit/537.36 (KHTML, like Gecko) Chrome/52.0.2743.116 Safari/537.36', 'BF50108E82DAB8E5CA4426527EFB4D88'),
(42, '{"Firstname":"TIN THANH","Surname":"NGUYEN","Age":"54","Role":"Hội viên Hội thánh","Gender":"M","Church":"Hội Thánh Tin Lành Báp-tít Reservoir (Bap) VIC","Email":"ruthvntruong@gmail.com","Phone":"+61439001891","Airbed":false,"AirportTransfer":false,"Fee":400,"Registrants":[{"Firstname":"MINH THI","Surname":"NGUYEN","Age":52,"Role":"","Gender":"F","Relation":"Wife","DiscountFamily":"-","Airbed":false,"AirportTransfer":false,"Fee":400,"Cancelled":false,"DiscountAmount":0,"Pensioner":false},{"Firstname":"PHILIP","Surname":"NGUYEN","Age":21,"Role":"","Gender":"M","Relation":"Son","DiscountFamily":"-","Airbed":false,"AirportTransfer":false,"Fee":400,"Cancelled":false,"DiscountAmount":0,"Pensioner":false}],"Comments":"","Reference":"MELBOURNE2016","Cancelled":false,"DiscountAmount":0,"Pensioner":false}', '2016-08-09 19:19:42', '110.149.117.208', 3, '2GIED/02E191F1', 'Mozilla/5.0 (Windows NT 10.0; WOW64) AppleWebKit/537.36 (KHTML, like Gecko) Chrome/52.0.2743.116 Safari/537.36', '14CBEBB3CA55534E26DBC498B2AE7A35'),
(43, '{"Firstname":"THAO THANH P","Surname":"NGUYEN","Age":"43","Role":"Hội viên Hội thánh","Gender":"F","Church":"Hội Thánh Tin Lành Báp-tít Reservoir (Bap) VIC","Email":"ruthvntruong@gmail.com","Phone":"+61439001891","Airbed":false,"AirportTransfer":false,"Fee":400,"Registrants":[{"Firstname":"JENNY","Surname":"LU","Age":24,"Role":"Hội viên Hội thánh","Gender":"F","Relation":"Daughter","DiscountFamily":"-","Airbed":false,"AirportTransfer":false,"Fee":400,"Cancelled":false,"DiscountAmount":0,"Pensioner":false},{"Firstname":"JONATHAN","Surname":"LU","Age":21,"Role":"Hội viên Hội thánh","Gender":"M","Relation":"Son","DiscountFamily":"2nd child over 5yo","Airbed":false,"AirportTransfer":false,"Fee":300,"Cancelled":false,"DiscountAmount":0,"Pensioner":false},{"Firstname":"DAMON ","Surname":"LU","Age":19,"Role":"Hội viên Hội thánh","Gender":"M","Relation":"Son","DiscountFamily":"2nd child over 5yo","Airbed":false,"AirportTransfer":false,"Fee":300,"Cancelled":false,"DiscountAmount":0,"Pensioner":false}],"Comments":"","Reference":"MELBOURNE2016","Cancelled":false,"DiscountAmount":0,"Pensioner":false}', '2016-08-09 19:32:10', '110.149.117.208', 3, 'R0Y58/31A0BE0C', 'Mozilla/5.0 (Windows NT 10.0; WOW64) AppleWebKit/537.36 (KHTML, like Gecko) Chrome/52.0.2743.116 Safari/537.36', '84D00BD23A2338C5C2A540D3846ADB53'),
(44, '{"Firstname":"HƯỜNG NGỌC T","Surname":"DƯƠNG","Age":"54","Role":"Chấp sự","Gender":"F","Church":"Hội Thánh Tin Lành Báp-tít Reservoir (Bap) VIC","Email":"ruthvntruong@gmail.com","Phone":"+61439001891","Airbed":false,"AirportTransfer":false,"Fee":400,"Registrants":[{"Firstname":"VĂN ","Surname":"ĐINH","Age":27,"Role":"Chấp sự","Gender":"M","Relation":"Son","DiscountFamily":"-","Airbed":false,"AirportTransfer":false,"Fee":400,"Cancelled":false,"DiscountAmount":0,"Pensioner":false},{"Firstname":"NAM","Surname":"ĐINH","Age":23,"Role":"","Gender":"M","Relation":"Son","DiscountFamily":"-","Airbed":false,"AirportTransfer":false,"Fee":400,"Cancelled":false,"DiscountAmount":0,"Pensioner":false}],"Comments":"","Reference":"MELBOURNE2016","Cancelled":false,"DiscountAmount":0,"Pensioner":false}', '2016-08-09 20:03:29', '110.149.117.208', 3, '9VB7Z/A71AFC34', 'Mozilla/5.0 (Windows NT 10.0; WOW64) AppleWebKit/537.36 (KHTML, like Gecko) Chrome/52.0.2743.116 Safari/537.36', 'FECAD92E7692482D01678433D5E0B01D'),
(45, '{"Firstname":"LOAN","Surname":"NGUYEN (THI KIEU)","Age":"44","Role":"Deacon","Gender":"F","Church":"Từ Việt Nam - Vietnam","Email":"meosara@yahoo.com","Phone":"+84903879766","Airbed":false,"AirportTransfer":true,"Fee":425,"Registrants":[],"Comments":"","Reference":"MELBOURNE2016","Cancelled":false,"DiscountAmount":0,"Pensioner":false}', '2016-08-11 10:50:15', '171.248.122.13', 1, 'MZYF7/BC7728DC', 'Mozilla/5.0 (Windows NT 10.0; WOW64; rv:49.0) Gecko/20100101 Firefox/49.0', NULL),
(46, '{"Firstname":"Đức Tùng Thiện","Surname":"Tống","Age":"65","Role":"Mục sư","Gender":"M","Church":"Hội Thánh Hy Vọng (IND) NSW","Email":"dtthientong@gmail.com","Phone":"+61413734923","Airbed":false,"AirportTransfer":false,"Fee":350,"Registrants":[{"Firstname":"Thị Xuân Hoa","Surname":"Nguyễn","Age":60,"Role":"","Gender":"F","Relation":"Wife","DiscountFamily":"-","Airbed":false,"AirportTransfer":false,"Fee":400,"Cancelled":false,"DiscountAmount":0,"Pensioner":false}],"Comments":"","Reference":"MELBOURNE2016","Cancelled":false,"DiscountAmount":0,"Pensioner":false}', '2016-08-13 15:37:24', '58.108.223.127', 3, '9BJPA/2141E987', 'Mozilla/5.0 (Windows NT 10.0) AppleWebKit/537.36 (KHTML, like Gecko) Chrome/52.0.2743.116 Safari/537.36', '3EC975D2ED4699C6AFAD5D3965026715'),
(47, '{"Firstname":"Hoàng","Surname":"Tôn","Age":"37","Role":"Church member","Gender":"M","Church":"Từ Châu Âu - Europe","Email":"kyle@instil.org.au","Phone":"+84395485689","Airbed":false,"AirportTransfer":false,"Fee":350,"Registrants":[],"Comments":"test","Reference":"MELBOURNE2016","Cancelled":false,"DiscountAmount":0,"Pensioner":true}', '2016-08-15 13:57:00', '203.94.152.98', 1, '525WT/D8C0A42D', 'Mozilla/5.0 (Windows NT 10.0; WOW64) AppleWebKit/537.36 (KHTML, like Gecko) Chrome/52.0.2743.116 Safari/537.36', NULL),
(48, '{"Firstname":"Thi","Surname":"Giang","Age":"63","Role":"Pastor","Gender":"M","Church":"Từ Việt Nam - Vietnam","Email":"kyle@instil.org.au","Phone":"+84395485689","Airbed":false,"AirportTransfer":false,"Fee":400,"Registrants":[],"Comments":"test","Reference":"MELBOURNE2016","Cancelled":false,"DiscountAmount":0,"Pensioner":false}', '2016-08-15 14:00:49', '203.94.152.98', 1, 'GZP5U/E7128F37', 'Mozilla/5.0 (Windows NT 10.0; WOW64) AppleWebKit/537.36 (KHTML, like Gecko) Chrome/52.0.2743.116 Safari/537.36', NULL),
(49, '{"Firstname":"Trịnh","Surname":"Đào","Age":"30","Role":"Mục sư","Gender":"M","Church":"Từ Việt Nam - Vietnam","Email":"kyle@instil.org.au","Phone":"+61395485689","Airbed":false,"AirportTransfer":false,"Fee":350,"Registrants":[],"Comments":"test","Reference":"MELBOURNE2016","Cancelled":false,"DiscountAmount":0,"Pensioner":true}', '2016-08-15 14:04:05', '203.94.152.98', 1, 'L9ITI/F3535222', 'Mozilla/5.0 (Windows NT 10.0; WOW64) AppleWebKit/537.36 (KHTML, like Gecko) Chrome/52.0.2743.116 Safari/537.36', NULL),
(50, '{"Firstname":"test","Surname":"test","Age":"80","Role":"Mục sư","Gender":"M","Church":"Từ Việt Nam - Vietnam","Email":"kyle@instil.org.au","Phone":"+84395485689","Airbed":false,"AirportTransfer":true,"Fee":375,"Registrants":[],"Comments":"test","Reference":"MELBOURNE2016","Cancelled":false,"DiscountAmount":0,"Pensioner":true}', '2016-08-15 14:07:33', '203.94.152.98', 1, 'QZR3G/00576A0F', 'Mozilla/5.0 (Windows NT 10.0; WOW64) AppleWebKit/537.36 (KHTML, like Gecko) Chrome/52.0.2743.116 Safari/537.36', NULL),
(51, '{"Firstname":"test","Surname":"test","Age":"16","Role":"Deacon","Gender":"F","Church":"Từ Việt Nam - Vietnam","Email":"kyle@instil.org.au","Phone":"+84395485689","Airbed":false,"AirportTransfer":false,"Fee":400,"Registrants":[],"Comments":"","Reference":"MELBOURNE2016","Cancelled":false,"DiscountAmount":0,"Pensioner":true}', '2016-08-15 14:21:37', '203.94.152.98', 1, 'U4R5X/3519ED7C', 'Mozilla/5.0 (Windows NT 10.0; WOW64) AppleWebKit/537.36 (KHTML, like Gecko) Chrome/52.0.2743.116 Safari/537.36', NULL),
(52, '{"Firstname":"test","Surname":"test","Age":"16","Role":"Pastor","Gender":"M","Church":"Chi hội Báp-tít Người Hoa (Bap) VIC","Email":"kyle@instil.org.au","Phone":"+84395485689","Airbed":false,"AirportTransfer":false,"Fee":400,"Registrants":[],"Comments":"","Reference":"MELBOURNE2016","Cancelled":false,"DiscountAmount":0,"Pensioner":false}', '2016-08-15 14:25:31', '203.94.152.98', 1, 'E7YSN/43B878C0', 'Mozilla/5.0 (Windows NT 10.0; WOW64) AppleWebKit/537.36 (KHTML, like Gecko) Chrome/52.0.2743.116 Safari/537.36', NULL),
(53, '{"Firstname":"test","Surname":"test","Age":"23","Role":"Mục sư","Gender":"M","Church":"Hội Thánh Tin Lành Việt Nam Springvale (COC) VIC","Email":"kyle@instil.org.au","Phone":"+61395485689","Airbed":false,"AirportTransfer":false,"Fee":400,"Registrants":[],"Comments":"sdf","Reference":"MELBOURNE2016","Cancelled":false,"DiscountAmount":0,"Pensioner":false}', '2016-08-15 14:32:58', '203.94.152.98', 1, '0DAVW/5FAE2297', 'Mozilla/5.0 (Windows NT 10.0; WOW64) AppleWebKit/537.36 (KHTML, like Gecko) Chrome/52.0.2743.116 Safari/537.36', NULL),
(54, '{"Firstname":"test","Surname":"test","Age":"60","Role":"Mục sư","Gender":"M","Church":"Hội Thánh Tin Lành Việ̣t Nam Fairfield (IND) NSW","Email":"kyle@instil.org.au","Phone":"+613954856","Airbed":false,"AirportTransfer":true,"Fee":425,"Registrants":[],"Comments":"","Reference":"MELBOURNE2016","Cancelled":false,"DiscountAmount":0,"Pensioner":false}', '2016-08-15 14:36:28', '203.94.152.98', 1, 'LFF0L/6CC7DDE3', 'Mozilla/5.0 (Windows NT 10.0; WOW64) AppleWebKit/537.36 (KHTML, like Gecko) Chrome/52.0.2743.116 Safari/537.36', NULL),
(55, '{"Firstname":"Ve Nguyen","Surname":"Nguyen","Age":"55","Role":"Deacon","Gender":"M","Church":"Hội Thánh Tin Lành Melbourne (VECA) VIC","Email":"ve.nguyen@bigpond.com","Phone":"+61419586318","Airbed":false,"AirportTransfer":false,"Fee":400,"Registrants":[{"Firstname":"Le ","Surname":"PHAM","Age":55,"Role":"Church member","Gender":"F","Relation":"Wife","DiscountFamily":"-","Airbed":false,"AirportTransfer":false,"Fee":400,"Cancelled":false,"DiscountAmount":0,"Pensioner":false},{"Firstname":"Jenny","Surname":"NGUYEN","Age":17,"Role":"","Gender":"F","Relation":"Daughter","DiscountFamily":"-","Airbed":false,"AirportTransfer":false,"Fee":400,"Cancelled":false,"DiscountAmount":0,"Pensioner":false}],"Comments":"","Reference":"MELBOURNE2016","Cancelled":false,"DiscountAmount":0,"Pensioner":false}', '2016-08-17 14:05:07', '210.15.225.172', 3, 'U0SVZ/273AC2A3', 'Mozilla/5.0 (Windows NT 6.1; Win64; x64) AppleWebKit/537.36 (KHTML, like Gecko) Chrome/52.0.2743.82 Safari/537.36', 'E5407F4992D504CE94B8C8DC013B4629'),
(56, '{"Firstname":"Thị Thu Hường","Surname":"Nguyễn","Age":"27","Role":"Church member","Gender":"F","Church":"Hội Thánh Báp-tít Ân Điển Việt Nam Cabramatta (Bap) NSW","Email":"baomy060614@gmail.com","Phone":"+84902332217","Airbed":false,"AirportTransfer":false,"Fee":400,"Registrants":[],"Comments":"","Reference":"MELBOURNE2016","Cancelled":false,"DiscountAmount":0,"Pensioner":false}', '2016-08-20 00:06:14', '73.186.243.32', 1, 'SBCQT/256B5D9F', 'Mozilla/5.0 (Windows NT 10.0; WOW64; Trident/7.0; Touch; MASMJS; rv:11.0) like Gecko', NULL),
(57, '{"Firstname":"Thị Thu Hường","Surname":"Nguyễn","Age":"27","Role":"Hội viên Hội thánh","Gender":"F","Church":"Từ Việt Nam - Vietnam","Email":"baomy060614@gmail.com","Phone":"+84902332217","Airbed":false,"AirportTransfer":false,"Fee":400,"Registrants":[],"Comments":"","Reference":"MELBOURNE2016","Cancelled":false,"DiscountAmount":0,"Pensioner":false}', '2016-08-20 00:22:37', '73.186.243.32', 1, 'CGKGL/62D8CAF0', 'Mozilla/5.0 (Windows NT 10.0; WOW64; Trident/7.0; Touch; MASMJS; rv:11.0) like Gecko', NULL),
(58, '{"Firstname":"Tuyen","Surname":"Pham","Age":"47","Role":"Hội viên Hội thánh","Gender":"F","Church":"Hội Thánh Cộng Đồng Nếp Sống Mới (Bap) NSW","Email":"sarahtran643@gmail.com","Phone":"+61411414863","Airbed":false,"AirportTransfer":true,"Fee":425,"Registrants":[{"Firstname":"Sarah","Surname":"Tran","Age":17,"Role":"Church member","Gender":"F","Relation":"Daughter","DiscountFamily":"-","Airbed":false,"AirportTransfer":true,"Fee":425,"Cancelled":false,"DiscountAmount":0,"Pensioner":false},{"Firstname":"Mary","Surname":"Tran","Age":10,"Role":"Church member","Gender":"F","Relation":"Daughter","DiscountFamily":"-","Airbed":false,"AirportTransfer":true,"Fee":345,"Cancelled":false,"DiscountAmount":0,"Pensioner":false}],"Comments":"","Reference":"MELBOURNE2016","Cancelled":false,"DiscountAmount":0,"Pensioner":false}', '2016-08-21 10:55:13', '110.21.114.57', 3, '5FQWE/BF155D6F', 'Mozilla/5.0 (Macintosh; Intel Mac OS X 10_10_5) AppleWebKit/537.36 (KHTML, like Gecko) Chrome/52.0.2743.116 Safari/537.36', '071273B5F6048DBC0E425BCA026C4728');
INSERT INTO `DataLog` (`Id`, `jsonData`, `DateTime`, `IP`, `Status`, `Reference`, `ClientBrowser`, `messageId`) VALUES
(59, '{"Firstname":"cuong phu","Surname":"nguyen","Age":"33","Role":"Chấp sự","Gender":"M","Church":"Hội Thánh Tin Lành Salisbury (VECA) SA","Email":"vncuong1983@yahoo.com.au","Phone":"+61431675184","Airbed":false,"AirportTransfer":true,"Fee":425,"Registrants":[{"Firstname":"minh cuong","Surname":"nguyen","Age":65,"Role":"Mục sư","Gender":"M","Relation":"Father","DiscountFamily":"-","Airbed":false,"AirportTransfer":true,"Fee":375,"Cancelled":false,"DiscountAmount":0,"Pensioner":false},{"Firstname":"Thi Kim Cam","Surname":"Nguyen","Age":61,"Role":"Mục sư","Gender":"F","Relation":"Wife","DiscountFamily":"-","Airbed":false,"AirportTransfer":true,"Fee":425,"Cancelled":false,"DiscountAmount":0,"Pensioner":false},{"Firstname":"thi diem tien","Surname":"nguyen","Age":33,"Role":"Hội viên Hội thánh","Gender":"M","Relation":"Wife","DiscountFamily":"-","Airbed":false,"AirportTransfer":true,"Fee":425,"Cancelled":false,"DiscountAmount":0,"Pensioner":false},{"Firstname":"Lan Huong","Surname":"Ly","Age":45,"Role":"Chấp sự","Gender":"F","Relation":"Friend","DiscountFamily":"-","Airbed":false,"AirportTransfer":false,"Fee":400,"Cancelled":false,"DiscountAmount":0,"Pensioner":false},{"Firstname":"NAM","Surname":"DANG","Age":17,"Role":"Hội viên Hội thánh","Gender":"M","Relation":"Friend","DiscountFamily":"-","Airbed":false,"AirportTransfer":false,"Fee":400,"Cancelled":false,"DiscountAmount":0,"Pensioner":false},{"Firstname":"SON","Surname":"DANG","Age":6,"Role":"Hội viên Hội thánh","Gender":"M","Relation":"Friend","DiscountFamily":"-","Airbed":false,"AirportTransfer":false,"Fee":320,"Cancelled":false,"DiscountAmount":0,"Pensioner":false},{"Firstname":"JADE","Surname":"TRAN","Age":17,"Role":"Hội viên Hội thánh","Gender":"F","Relation":"Relative","DiscountFamily":"-","Airbed":false,"AirportTransfer":false,"Fee":400,"Cancelled":false,"DiscountAmount":0,"Pensioner":false},{"Firstname":"JASMINE","Surname":"TRAN","Age":11,"Role":"Hội viên Hội thánh","Gender":"F","Relation":"Relative","DiscountFami', '2016-08-28 17:50:11', '203.221.20.182', NULL, '01RZV/7B3C9D2D', 'Mozilla/5.0 (Windows NT 6.3; WOW64; Trident/7.0; Touch; ASU2JS; rv:11.0) like Gecko', '37AC7CF958FDE0ABADD1F2CEE3753774'),
(60, '{"Firstname":"David","Surname":"Do","Age":"30","Role":"Church member","Gender":"M","Church":"Hội Thánh Tin Lành Việt Nam Nam Úc (VECA) SA","Email":"doydy001@gmail.com","Phone":"+61421696708","Airbed":false,"AirportTransfer":false,"Fee":400,"Registrants":[],"Comments":"","Reference":"MELBOURNE2016","Cancelled":false,"DiscountAmount":0,"Pensioner":false}', '2016-08-28 20:18:04', '110.142.171.172', 1, 'O4F3L/A5C85584', 'Mozilla/5.0 (Macintosh; Intel Mac OS X 10_11_6) AppleWebKit/601.7.7 (KHTML, like Gecko) Version/9.1.2 Safari/601.7.7', 'F4C1D7C18EA808F0E8882BC1F7EBA5F4'),
(61, '{"Firstname":"Dinh Tien","Surname":"Nguyen","Age":"54","Role":"Chấp sự","Gender":"M","Church":"Từ Việt Nam - Vietnam","Email":"hoa1a@yahoo.com.au","Phone":"+84903771554","Airbed":false,"AirportTransfer":false,"Fee":400,"Registrants":[],"Comments":"","Reference":"MELBOURNE2016","Cancelled":false,"DiscountAmount":0,"Pensioner":false}', '2016-08-28 20:26:27', '115.64.38.234', 1, 'LLCJ2/C538E1D3', 'Mozilla/5.0 (Windows NT 10.0; Win64; x64) AppleWebKit/537.36 (KHTML, like Gecko) Chrome/52.0.2743.116 Safari/537.36', NULL),
(62, '{"Firstname":"QUANG MINH","Surname":"HỒ","Age":"60","Role":"Deacon","Gender":"M","Church":"Hội Thánh Tin Lành Báp-tít Reservoir (Bap) VIC","Email":"ruthvntruong@gmail.com","Phone":"+61439001891","Airbed":false,"AirportTransfer":false,"Fee":400,"Registrants":[{"Firstname":"ÁNH TUYẾT","Surname":"ĐỖ","Age":59,"Role":"","Gender":"F","Relation":"Wife","DiscountFamily":"-","Airbed":false,"AirportTransfer":false,"Fee":400,"Cancelled":false,"DiscountAmount":0,"Pensioner":false}],"Comments":"","Reference":"MELBOURNE2016","Cancelled":false,"DiscountAmount":0,"Pensioner":false}', '2016-08-28 20:53:43', '120.144.35.235', 3, 'O34YC/2B75A475', 'Mozilla/5.0 (Windows NT 10.0; WOW64) AppleWebKit/537.36 (KHTML, like Gecko) Chrome/52.0.2743.116 Safari/537.36', '3D465CBC9B9F98A06D28C31131E17683'),
(63, '{"Firstname":"TRUNG TÍN","Surname":"VÕ","Age":"49","Role":"Church member","Gender":"M","Church":"Hội Thánh Tin Lành Báp-tít Reservoir (Bap) VIC","Email":"ruthvntruong@gmail.com","Phone":"+61439001891","Airbed":false,"AirportTransfer":false,"Fee":400,"Registrants":[{"Firstname":"NGA","Surname":"LAM","Age":46,"Role":"","Gender":"F","Relation":"Wife","DiscountFamily":"-","Airbed":false,"AirportTransfer":false,"Fee":400,"Cancelled":false,"DiscountAmount":0,"Pensioner":false},{"Firstname":"RACHEL","Surname":"VÕ","Age":14,"Role":"","Gender":"F","Relation":"Daughter","DiscountFamily":"-","Airbed":false,"AirportTransfer":false,"Fee":400,"Cancelled":false,"DiscountAmount":0,"Pensioner":false},{"Firstname":"MATTHEW","Surname":"VÕ","Age":13,"Role":"","Gender":"M","Relation":"Son","DiscountFamily":"2nd child over 5yo","Airbed":false,"AirportTransfer":false,"Fee":300,"Cancelled":false,"DiscountAmount":0,"Pensioner":false}],"Comments":"","Reference":"MELBOURNE2016","Cancelled":false,"DiscountAmount":0,"Pensioner":false}', '2016-08-28 21:02:05', '120.144.35.235', 3, 'COJMH/4AD0A3D6', 'Mozilla/5.0 (Windows NT 10.0; WOW64) AppleWebKit/537.36 (KHTML, like Gecko) Chrome/52.0.2743.116 Safari/537.36', 'D61E6796ECEB257BEF99B4E12AEF007A'),
(64, '{"Firstname":"LIỄU","Surname":"STEINMAN","Age":"57","Role":"Church member","Gender":"F","Church":"Hội Thánh Tin Lành Báp-tít Reservoir (Bap) VIC","Email":"ruthvntruong@gmail.com","Phone":"+61439001891","Airbed":false,"AirportTransfer":false,"Fee":400,"Registrants":[],"Comments":"","Reference":"MELBOURNE2016","Cancelled":false,"DiscountAmount":0,"Pensioner":false}', '2016-08-28 21:06:06', '120.144.35.235', 1, '9YEBD/59E52A74', 'Mozilla/5.0 (Windows NT 10.0; WOW64) AppleWebKit/537.36 (KHTML, like Gecko) Chrome/52.0.2743.116 Safari/537.36', '934C508CA27A165D74B517B02BD4549F'),
(65, '{"Firstname":"LỘC","Surname":"VÕ","Age":"67","Role":"Church member","Gender":"M","Church":"Hội Thánh Tin Lành Báp-tít Reservoir (Bap) VIC","Email":"ruthvntruong@gmail.com","Phone":"+61439001891","Airbed":false,"AirportTransfer":false,"Fee":350,"Registrants":[{"Firstname":"HÀ","Surname":"TRẦN","Age":65,"Role":"","Gender":"F","Relation":"Wife","DiscountFamily":"-","Airbed":false,"AirportTransfer":false,"Fee":350,"Cancelled":false,"DiscountAmount":0,"Pensioner":true}],"Comments":"","Reference":"MELBOURNE2016","Cancelled":false,"DiscountAmount":0,"Pensioner":false}', '2016-08-28 21:12:19', '120.144.35.235', 3, 'P6W84/71327A4D', 'Mozilla/5.0 (Windows NT 10.0; WOW64) AppleWebKit/537.36 (KHTML, like Gecko) Chrome/52.0.2743.116 Safari/537.36', '12E9D41F17AAE56F31C6AD4FD331D9BB'),
(66, '{"Firstname":"PHƯỚC","Surname":"LÂM","Age":"56","Role":"Church member","Gender":"M","Church":"Hội Thánh Tin Lành Báp-tít Reservoir (Bap) VIC","Email":"ruthvntruong@gmail.com","Phone":"+61439001891","Airbed":false,"AirportTransfer":false,"Fee":400,"Registrants":[{"Firstname":"THỦY","Surname":"NGUYỄN","Age":58,"Role":"","Gender":"F","Relation":"Wife","DiscountFamily":"-","Airbed":false,"AirportTransfer":false,"Fee":400,"Cancelled":false,"DiscountAmount":0,"Pensioner":false},{"Firstname":"PETER","Surname":"LÂM","Age":26,"Role":"","Gender":"M","Relation":"Son","DiscountFamily":"-","Airbed":false,"AirportTransfer":false,"Fee":400,"Cancelled":false,"DiscountAmount":0,"Pensioner":false}],"Comments":"","Reference":"MELBOURNE2016","Cancelled":false,"DiscountAmount":0,"Pensioner":false}', '2016-08-28 21:16:52', '120.144.35.235', 3, 'EGR03/82469B8F', 'Mozilla/5.0 (Windows NT 10.0; WOW64) AppleWebKit/537.36 (KHTML, like Gecko) Chrome/52.0.2743.116 Safari/537.36', '8BB3C3ABEF7A460CCDBA362EDA648680'),
(67, '{"Firstname":"STEVEN","Surname":"MACH","Age":"63","Role":"Church member","Gender":"M","Church":"Hội Thánh Tin Lành Báp-tít Reservoir (Bap) VIC","Email":"ruthvntruong@gmail.com","Phone":"+61439001891","Airbed":false,"AirportTransfer":false,"Fee":400,"Registrants":[{"Firstname":"HỒNG","Surname":"MACH","Age":61,"Role":"Deacon","Gender":"F","Relation":"Wife","DiscountFamily":"-","Airbed":false,"AirportTransfer":false,"Fee":400,"Cancelled":false,"DiscountAmount":0,"Pensioner":false},{"Firstname":"CATRIONA","Surname":"MACH","Age":19,"Role":"","Gender":"F","Relation":"Daughter","DiscountFamily":"-","Airbed":false,"AirportTransfer":false,"Fee":400,"Cancelled":false,"DiscountAmount":0,"Pensioner":false}],"Comments":"","Reference":"MELBOURNE2016","Cancelled":false,"DiscountAmount":0,"Pensioner":false}', '2016-08-28 21:43:32', '120.144.35.235', 3, '2SUCO/E64BA6CA', 'Mozilla/5.0 (Windows NT 10.0; WOW64) AppleWebKit/537.36 (KHTML, like Gecko) Chrome/52.0.2743.116 Safari/537.36', 'C6007ACC5BA46B74BD2C36F555CD401F'),
(68, '{"Firstname":"THUẬN","Surname":"TRỊNH","Age":"51","Role":"Pastor","Gender":"M","Church":"Hội Thánh Tin Lành Báp-tít Reservoir (Bap) VIC","Email":"ruthvntruong@gmail.com","Phone":"+61439001891","Airbed":false,"AirportTransfer":false,"Fee":400,"Registrants":[{"Firstname":"THANH","Surname":"TRỊNH","Age":47,"Role":"","Gender":"F","Relation":"Wife","DiscountFamily":"-","Airbed":false,"AirportTransfer":false,"Fee":400,"Cancelled":false,"DiscountAmount":0,"Pensioner":false},{"Firstname":"TIMOTHY","Surname":"TRỊNH","Age":20,"Role":"","Gender":"M","Relation":"Son","DiscountFamily":"-","Airbed":false,"AirportTransfer":false,"Fee":400,"Cancelled":false,"DiscountAmount":0,"Pensioner":false},{"Firstname":"TOBY","Surname":"TRỊNH","Age":17,"Role":"","Gender":"M","Relation":"Son","DiscountFamily":"2nd child over 5yo","Airbed":false,"AirportTransfer":false,"Fee":300,"Cancelled":false,"DiscountAmount":0,"Pensioner":false},{"Firstname":"TROY","Surname":"TRỊNH","Age":11,"Role":"","Gender":"M","Relation":"Son","DiscountFamily":"2nd child over 5yo","Airbed":false,"AirportTransfer":false,"Fee":220,"Cancelled":false,"DiscountAmount":0,"Pensioner":false}],"Comments":"","Reference":"MELBOURNE2016","Cancelled":false,"DiscountAmount":0,"Pensioner":false}', '2016-08-28 22:00:47', '120.144.35.235', 3, 'HN612/26F969F8', 'Mozilla/5.0 (Windows NT 10.0; WOW64) AppleWebKit/537.36 (KHTML, like Gecko) Chrome/52.0.2743.116 Safari/537.36', '7722D8D3C7B677C3D53E3959DF6AE1F2'),
(69, '{"Firstname":"CHÍ ANH","Surname":"LA","Age":"38","Role":"Church member","Gender":"F","Church":"Hội Thánh Tin Lành Báp-tít Reservoir (Bap) VIC","Email":"ruthvntruong@gmail.com","Phone":"+61439001891","Airbed":false,"AirportTransfer":false,"Fee":400,"Registrants":[{"Firstname":"HIỆP","Surname":"HUỲNH","Age":38,"Role":"","Gender":"F","Relation":"Wife","DiscountFamily":"-","Airbed":false,"AirportTransfer":false,"Fee":400,"Cancelled":false,"DiscountAmount":0,"Pensioner":false},{"Firstname":"GIA HUY","Surname":"LA","Age":6,"Role":"","Gender":"M","Relation":"Son","DiscountFamily":"-","Airbed":false,"AirportTransfer":false,"Fee":320,"Cancelled":false,"DiscountAmount":0,"Pensioner":false}],"Comments":"","Reference":"MELBOURNE2016","Cancelled":false,"DiscountAmount":0,"Pensioner":false}', '2016-08-28 22:06:24', '120.144.35.235', 3, '1XYVL/3C01E63E', 'Mozilla/5.0 (Windows NT 10.0; WOW64) AppleWebKit/537.36 (KHTML, like Gecko) Chrome/52.0.2743.116 Safari/537.36', '492CF726E00EE93B69083FF18663E373'),
(70, '{"Firstname":"VINH","Surname":"HỒNG","Age":"51","Role":"Church member","Gender":"M","Church":"Hội Thánh Tin Lành Báp-tít Reservoir (Bap) VIC","Email":"ruthvntruong@gmail.com","Phone":"+61439001891","Airbed":false,"AirportTransfer":false,"Fee":400,"Registrants":[{"Firstname":"MAI","Surname":"TRẦN","Age":44,"Role":"","Gender":"F","Relation":"Wife","DiscountFamily":"-","Airbed":false,"AirportTransfer":false,"Fee":400,"Cancelled":false,"DiscountAmount":0,"Pensioner":false},{"Firstname":"PHÚ","Surname":"HỒNG","Age":20,"Role":"","Gender":"M","Relation":"Son","DiscountFamily":"-","Airbed":false,"AirportTransfer":false,"Fee":400,"Cancelled":false,"DiscountAmount":0,"Pensioner":false},{"Firstname":"THIÊN KIM","Surname":"HỒNG","Age":9,"Role":"","Gender":"F","Relation":"Daughter","DiscountFamily":"2nd child over 5yo","Airbed":false,"AirportTransfer":false,"Fee":220,"Cancelled":false,"DiscountAmount":0,"Pensioner":false}],"Comments":"","Reference":"MELBOURNE2016","Cancelled":false,"DiscountAmount":0,"Pensioner":false}', '2016-08-28 22:14:56', '120.144.35.235', 3, 'ENRJ9/5C0EBC09', 'Mozilla/5.0 (Windows NT 10.0; WOW64) AppleWebKit/537.36 (KHTML, like Gecko) Chrome/52.0.2743.116 Safari/537.36', 'ACFA38F89C7DFEE7167131F9E549038F'),
(71, '{"Firstname":"PHƯỚC","Surname":"TRẦN","Age":"57","Role":"Church member","Gender":"M","Church":"Hội Thánh Tin Lành Báp-tít Reservoir (Bap) VIC","Email":"ruthvntruong@gmail.com","Phone":"+61439001891","Airbed":false,"AirportTransfer":false,"Fee":400,"Registrants":[{"Firstname":"CHÂU","Surname":"HỒNG ","Age":56,"Role":"","Gender":"F","Relation":"Wife","DiscountFamily":"-","Airbed":false,"AirportTransfer":false,"Fee":400,"Cancelled":false,"DiscountAmount":0,"Pensioner":false}],"Comments":"","Reference":"MELBOURNE2016","Cancelled":false,"DiscountAmount":0,"Pensioner":false}', '2016-08-28 22:18:54', '120.144.35.235', 3, '6P7HC/6AE4B053', 'Mozilla/5.0 (Windows NT 10.0; WOW64) AppleWebKit/537.36 (KHTML, like Gecko) Chrome/52.0.2743.116 Safari/537.36', 'FCBB49E9A6A0D261ED7F836DCD57EA92'),
(72, '{"Firstname":"CHÂU","Surname":"ĐOÀN","Age":"76","Role":"Church member","Gender":"M","Church":"Hội Thánh Tin Lành Báp-tít Reservoir (Bap) VIC","Email":"ruthvntruong@gmail.com","Phone":"+61439001891","Airbed":false,"AirportTransfer":false,"Fee":350,"Registrants":[{"Firstname":"PHI YẾN","Surname":"ĐOÀN","Age":57,"Role":"","Gender":"F","Relation":"Daughter","DiscountFamily":"-","Airbed":false,"AirportTransfer":false,"Fee":400,"Cancelled":false,"DiscountAmount":0,"Pensioner":false},{"Firstname":"HUÊ","Surname":"LIÊU","Age":57,"Role":"","Gender":"M","Relation":"Son","DiscountFamily":"-","Airbed":false,"AirportTransfer":false,"Fee":400,"Cancelled":false,"DiscountAmount":0,"Pensioner":false}],"Comments":"","Reference":"MELBOURNE2016","Cancelled":false,"DiscountAmount":0,"Pensioner":false}', '2016-08-28 22:26:05', '120.144.35.235', 3, 'FHMO4/85DE6201', 'Mozilla/5.0 (Windows NT 10.0; WOW64) AppleWebKit/537.36 (KHTML, like Gecko) Chrome/52.0.2743.116 Safari/537.36', 'F54EC3A03D6B9C966703F362B3D6E3B0'),
(73, '{"Firstname":"NHUNG","Surname":"NGUYỄN","Age":"51","Role":"Church member","Gender":"F","Church":"Hội Thánh Tin Lành Báp-tít Reservoir (Bap) VIC","Email":"ruthvntruong@gmail.com","Phone":"+61439001891","Airbed":false,"AirportTransfer":false,"Fee":400,"Registrants":[],"Comments":"","Reference":"MELBOURNE2016","Cancelled":false,"DiscountAmount":0,"Pensioner":false}', '2016-08-28 22:31:11', '120.144.35.235', 1, 'GFDPK/98F7C6CB', 'Mozilla/5.0 (Windows NT 10.0; WOW64) AppleWebKit/537.36 (KHTML, like Gecko) Chrome/52.0.2743.116 Safari/537.36', 'E53750A1B53064AC43887909EBC05580'),
(74, '{"Firstname":"KIẾM","Surname":"HUỲNH","Age":"51","Role":"Church member","Gender":"M","Church":"Hội Thánh Tin Lành Báp-tít Reservoir (Bap) VIC","Email":"ruthvntruong@gmail.com","Phone":"+61439001891","Airbed":false,"AirportTransfer":false,"Fee":400,"Registrants":[{"Firstname":"LAN CHI ","Surname":"THẠCH","Age":47,"Role":"Deacon","Gender":"F","Relation":"Wife","DiscountFamily":"-","Airbed":false,"AirportTransfer":false,"Fee":400,"Cancelled":false,"DiscountAmount":0,"Pensioner":false},{"Firstname":"ANDREW","Surname":"HUYNH","Age":24,"Role":"","Gender":"M","Relation":"Son","DiscountFamily":"-","Airbed":false,"AirportTransfer":false,"Fee":400,"Cancelled":false,"DiscountAmount":0,"Pensioner":false},{"Firstname":"JOHNSON","Surname":"HUỲNH","Age":17,"Role":"","Gender":"M","Relation":"Son","DiscountFamily":"2nd child over 5yo","Airbed":false,"AirportTransfer":false,"Fee":300,"Cancelled":false,"DiscountAmount":0,"Pensioner":false}],"Comments":"","Reference":"MELBOURNE2016","Cancelled":false,"DiscountAmount":0,"Pensioner":false}', '2016-08-28 22:38:10', '120.144.35.235', 3, 'PAAAY/B3262402', 'Mozilla/5.0 (Windows NT 10.0; WOW64) AppleWebKit/537.36 (KHTML, like Gecko) Chrome/52.0.2743.116 Safari/537.36', 'EEFEC056D41FE274D0C3379A790BDC63'),
(75, '{"Firstname":"LỊCH","Surname":"TRƯƠNG","Age":"47","Role":"Pastor","Gender":"M","Church":"Hội Thánh Tin Lành Báp-tít Reservoir (Bap) VIC","Email":"ruthvntruong@gmail.com","Phone":"+61439001891","Airbed":false,"AirportTransfer":false,"Fee":400,"Registrants":[{"Firstname":"DUNG","Surname":"NGUYỄN","Age":42,"Role":"","Gender":"F","Relation":"Wife","DiscountFamily":"-","Airbed":false,"AirportTransfer":false,"Fee":400,"Cancelled":false,"DiscountAmount":0,"Pensioner":false},{"Firstname":"TRÂM","Surname":"TRƯƠNG","Age":20,"Role":"","Gender":"F","Relation":"Daughter","DiscountFamily":"-","Airbed":false,"AirportTransfer":false,"Fee":400,"Cancelled":false,"DiscountAmount":0,"Pensioner":false},{"Firstname":"TRIỀU","Surname":"TRƯƠNG","Age":12,"Role":"","Gender":"M","Relation":"Son","DiscountFamily":"2nd child over 5yo","Airbed":false,"AirportTransfer":false,"Fee":300,"Cancelled":false,"DiscountAmount":0,"Pensioner":false},{"Firstname":"TRÍ","Surname":"TRƯƠNG","Age":8,"Role":"","Gender":"M","Relation":"Son","DiscountFamily":"2nd child over 5yo","Airbed":false,"AirportTransfer":false,"Fee":220,"Cancelled":false,"DiscountAmount":0,"Pensioner":false},{"Firstname":"LOAN","Surname":"NGUYỄN","Age":71,"Role":"","Gender":"F","Relation":"Mother","DiscountFamily":"-","Airbed":false,"AirportTransfer":false,"Fee":350,"Cancelled":false,"DiscountAmount":0,"Pensioner":true}],"Comments":"","Reference":"MELBOURNE2016","Cancelled":false,"DiscountAmount":0,"Pensioner":false}', '2016-08-28 22:47:18', '120.144.35.235', 3, 'M0FFJ/D564FE8E', 'Mozilla/5.0 (Windows NT 10.0; WOW64) AppleWebKit/537.36 (KHTML, like Gecko) Chrome/52.0.2743.116 Safari/537.36', '873FE0BCB339AC0BDD01DAC6543280B0'),
(76, '{"Firstname":"STEPHANIE","Surname":"HỒ","Age":"20","Role":"Church member","Gender":"F","Church":"Hội Thánh Tin Lành Báp-tít Reservoir (Bap) VIC","Email":"ruthvntruong@gmail.com","Phone":"+61439001891","Airbed":false,"AirportTransfer":false,"Fee":400,"Registrants":[],"Comments":"","Reference":"MELBOURNE2016","Cancelled":false,"DiscountAmount":0,"Pensioner":false}', '2016-08-28 22:51:57', '120.144.35.235', 1, '0EKJY/E6D88CB1', 'Mozilla/5.0 (Windows NT 10.0; WOW64) AppleWebKit/537.36 (KHTML, like Gecko) Chrome/52.0.2743.116 Safari/537.36', 'F06ECECC9ECD2D832EC5AE273BABECA7'),
(77, '{"Firstname":"Thị Thanh Huyền","Surname":"Nguyễn","Age":"31","Role":"Thân hữu","Gender":"F","Church":"Từ Việt Nam - Vietnam","Email":"ntth19851985@gmail.com","Phone":"+84922901112","Airbed":false,"AirportTransfer":false,"Fee":400,"Registrants":[{"Firstname":"Thị Bạch Tuyết","Surname":"Nguyễn","Age":36,"Role":"Thân hữu","Gender":"F","Relation":"Relative","DiscountFamily":"-","Airbed":false,"AirportTransfer":false,"Fee":400,"Cancelled":false,"DiscountAmount":0,"Pensioner":false}],"Comments":"","Reference":"MELBOURNE2016","Cancelled":false,"DiscountAmount":0,"Pensioner":false}', '2016-08-28 23:32:10', '113.161.186.65, 8.37.233.106', 3, 'J825Y/7DA475D1', 'Mozilla/5.0 (Linux; U; Android 4.4.2; en-US; IM-A910S Build/KVT49L) AppleWebKit/534.30 (KHTML, like Gecko) Version/4.0 UCBrowser/10.10.8.820 U3/0.8.0 Mobile Safari/534.30', NULL),
(78, '{"Firstname":"Son","Surname":"Chau","Age":"38","Role":"Hội viên Hội thánh","Gender":"M","Church":"Hội Thánh Nguồn An Bình (IND) VIC","Email":"sonchau24@yahoo.com","Phone":"+61431648983","Airbed":false,"AirportTransfer":false,"Fee":400,"Registrants":[{"Firstname":"Trang","Surname":"Bui","Age":37,"Role":"","Gender":"F","Relation":"Wife","DiscountFamily":"-","Airbed":false,"AirportTransfer":false,"Fee":400,"Cancelled":false,"DiscountAmount":0,"Pensioner":false},{"Firstname":"Jolie","Surname":"Chau","Age":9,"Role":"","Gender":"F","Relation":"Daughter","DiscountFamily":"-","Airbed":false,"AirportTransfer":false,"Fee":320,"Cancelled":false,"DiscountAmount":0,"Pensioner":false},{"Firstname":"Khue","Surname":"Ngo","Age":80,"Role":"","Gender":"F","Relation":"Mother","DiscountFamily":"-","Airbed":false,"AirportTransfer":false,"Fee":350,"Cancelled":false,"DiscountAmount":0,"Pensioner":true}],"Comments":"","Reference":"MELBOURNE2016","Cancelled":false,"DiscountAmount":0,"Pensioner":false}', '2016-08-29 11:25:10', '203.7.207.11', 3, '71VL8/EF647714', 'Mozilla/5.0 (X11; Linux x86_64) AppleWebKit/537.36 (KHTML, like Gecko) Chrome/39.0.2171.95 Safari/537.36', '48711CAD6D3D0D49EE746DE46771E53F'),
(79, '{"Firstname":"Thị Hường","Surname":"Nguyễn","Age":"63","Role":"Hội viên Hội thánh","Gender":"F","Church":"Từ Việt Nam - Vietnam","Email":"nth070453@gmail.com","Phone":"+841207596690","Airbed":false,"AirportTransfer":true,"Fee":425,"Registrants":[],"Comments":"","Reference":"MELBOURNE2016","Cancelled":false,"DiscountAmount":0,"Pensioner":false}', '2016-08-29 22:06:39', '58.108.223.127', 1, 'L0U2G/54F2C53E', 'Mozilla/5.0 (Windows NT 10.0) AppleWebKit/537.36 (KHTML, like Gecko) Chrome/52.0.2743.116 Safari/537.36', NULL),
(80, '{"Firstname":"Thiện Vũ","Surname":"lê","Age":"36","Role":"Thân hữu","Gender":"M","Church":"Từ Việt Nam - Vietnam","Email":"hhan20172017@gmail.com","Phone":"+841286043828","Airbed":false,"AirportTransfer":false,"Fee":400,"Registrants":[],"Comments":"","Reference":"MELBOURNE2016","Cancelled":false,"DiscountAmount":0,"Pensioner":false}', '2016-08-30 00:25:43', '113.161.186.65, 8.37.233.106', 1, 'BJ7ZP/5E7725B7', 'Mozilla/5.0 (Linux; U; Android 4.4.2; en-US; IM-A910S Build/KVT49L) AppleWebKit/534.30 (KHTML, like Gecko) Version/4.0 UCBrowser/10.10.8.820 U3/0.8.0 Mobile Safari/534.30', NULL),
(81, '{"Firstname":"Chuong","Surname":"Nguyen","Age":"26","Role":"Hội viên Hội thánh","Gender":"M","Church":"Từ Việt Nam - Vietnam","Email":"chuongzx@gmail.com","Phone":"+84919559923","Airbed":false,"AirportTransfer":false,"Fee":400,"Registrants":[],"Comments":"","Reference":"MELBOURNE2016","Cancelled":false,"DiscountAmount":0,"Pensioner":false}', '2016-08-30 14:17:56', '113.165.167.250', 1, 'YE7DQ/8F4BA975', 'Mozilla/5.0 (Macintosh; Intel Mac OS X 10_11_6) AppleWebKit/601.7.7 (KHTML, like Gecko) Version/9.1.2 Safari/601.7.7', NULL),
(82, '{"Firstname":"HONG THI","Surname":"NGUYEN","Age":"61","Role":"Deacon","Gender":"F","Church":"Hội Thánh Tin Lành Báp-tít Reservoir (Bap) VIC","Email":"ruthvntruong@gmail.com","Phone":"+61439001891","Airbed":false,"AirportTransfer":false,"Fee":400,"Registrants":[{"Firstname":"steven ","Surname":"MACH","Age":63,"Role":"","Gender":"M","Relation":"Husband","DiscountFamily":"-","Airbed":false,"AirportTransfer":false,"Fee":400,"Cancelled":false,"DiscountAmount":0,"Pensioner":false},{"Firstname":"CATRIONA","Surname":"MACH","Age":19,"Role":"","Gender":"F","Relation":"Daughter","DiscountFamily":"-","Airbed":false,"AirportTransfer":false,"Fee":400,"Cancelled":false,"DiscountAmount":0,"Pensioner":false}],"Comments":"","Reference":"MELBOURNE2016","Cancelled":false,"DiscountAmount":0,"Pensioner":false}', '2016-08-30 19:59:57', '120.144.42.128', 3, 'R5DSY/91D8797C', 'Mozilla/5.0 (Windows NT 10.0; WOW64) AppleWebKit/537.36 (KHTML, like Gecko) Chrome/52.0.2743.116 Safari/537.36', '79BFC98FB413CA3E4F099C67F87EE0B5'),
(83, '{"Firstname":"HÒANG QUANG","Surname":"TẠ","Age":"48","Role":"Deacon","Gender":"M","Church":"Hội Thánh Tin Lành Báp-tít Reservoir (Bap) VIC","Email":"ruthvntruong@gmail.com","Phone":"+61439001891","Airbed":false,"AirportTransfer":false,"Fee":400,"Registrants":[{"Firstname":"CHÂU KIM","Surname":"TRẦN","Age":50,"Role":"","Gender":"F","Relation":"Wife","DiscountFamily":"-","Airbed":false,"AirportTransfer":false,"Fee":400,"Cancelled":false,"DiscountAmount":0,"Pensioner":false},{"Firstname":"SIMON","Surname":"TRẦN","Age":16,"Role":"","Gender":"M","Relation":"Son","DiscountFamily":"-","Airbed":false,"AirportTransfer":false,"Fee":400,"Cancelled":false,"DiscountAmount":0,"Pensioner":false},{"Firstname":"DANIEL","Surname":"TRÀN","Age":12,"Role":"","Gender":"M","Relation":"Son","DiscountFamily":"2nd child over 5yo","Airbed":false,"AirportTransfer":false,"Fee":300,"Cancelled":false,"DiscountAmount":0,"Pensioner":false}],"Comments":"","Reference":"MELBOURNE2016","Cancelled":false,"DiscountAmount":0,"Pensioner":false}', '2016-08-30 20:17:22', '120.144.42.128', 3, 'CRJ42/D32E2257', 'Mozilla/5.0 (Windows NT 10.0; WOW64) AppleWebKit/537.36 (KHTML, like Gecko) Chrome/52.0.2743.116 Safari/537.36', '57350C6C55E3D77A592D25F05D0DA7BE'),
(84, '{"Firstname":"TÍN THANH","Surname":"NGUYỄN","Age":"54","Role":"Church member","Gender":"M","Church":"Hội Thánh Tin Lành Báp-tít Reservoir (Bap) VIC","Email":"ruthvntruong@gmail.com","Phone":"+61439001891","Airbed":false,"AirportTransfer":false,"Fee":400,"Registrants":[{"Firstname":"MINH THỊ","Surname":"NGÔ","Age":52,"Role":"","Gender":"F","Relation":"Wife","DiscountFamily":"-","Airbed":false,"AirportTransfer":false,"Fee":400,"Cancelled":false,"DiscountAmount":0,"Pensioner":false},{"Firstname":"PHILIP ","Surname":"NGUYỄN","Age":21,"Role":"","Gender":"M","Relation":"Son","DiscountFamily":"-","Airbed":false,"AirportTransfer":false,"Fee":400,"Cancelled":false,"DiscountAmount":0,"Pensioner":false}],"Comments":"","Reference":"MELBOURNE2016","Cancelled":false,"DiscountAmount":0,"Pensioner":false}', '2016-08-30 23:31:56', '120.144.42.128', 3, 'RB32D/ACCBAE63', 'Mozilla/5.0 (Windows NT 10.0; WOW64) AppleWebKit/537.36 (KHTML, like Gecko) Chrome/52.0.2743.116 Safari/537.36', '7A30BA6A8429D05460368B877C0045AD'),
(85, '{"Firstname":"Văn Tuấn","Surname":"Hoàng","Age":"26","Role":"Church member","Gender":"M","Church":"Từ Việt Nam - Vietnam","Email":"lydialanhoang@gmail.com","Phone":"+84973567488","Airbed":false,"AirportTransfer":true,"Fee":425,"Registrants":[],"Comments":"","Reference":"MELBOURNE2016","Cancelled":false,"DiscountAmount":0,"Pensioner":false}', '2016-09-01 12:47:31', '110.21.55.140', 1, 'QTPSO/6C3D1448', 'Mozilla/5.0 (Windows NT 10.0; Win64; x64) AppleWebKit/537.36 (KHTML, like Gecko) Chrome/46.0.2486.0 Safari/537.36 Edge/13.10586', NULL),
(86, '{"Firstname":"Thị Kim Huyền","Surname":"Nguyễn","Age":"33","Role":"Thân hữu","Gender":"F","Church":"Từ Việt Nam - Vietnam","Email":"nth19561956@gmail.com","Phone":"+84932053211","Airbed":false,"AirportTransfer":false,"Fee":400,"Registrants":[],"Comments":"","Reference":"MELBOURNE2016","Cancelled":false,"DiscountAmount":0,"Pensioner":false}', '2016-09-01 14:16:00', '14.167.232.89', 1, 'W3V1D/B8019D6B', 'Mozilla/5.0 (Windows NT 5.1) AppleWebKit/537.36 (KHTML, like Gecko) Chrome/49.0.2623.112 Safari/537.36', NULL),
(87, '{"Firstname":"Thị Kim Huyền","Surname":"NGô","Age":"33","Role":"Thân hữu","Gender":"F","Church":"Từ Việt Nam - Vietnam","Email":"nth19561956@gmail.com","Phone":"+84932053211","Airbed":false,"AirportTransfer":false,"Fee":400,"Registrants":[],"Comments":"","Reference":"MELBOURNE2016","Cancelled":false,"DiscountAmount":0,"Pensioner":false}', '2016-09-01 14:28:12', '14.167.232.89', 1, 'E164Y/E5C459B0', 'Mozilla/5.0 (Windows NT 5.1) AppleWebKit/537.36 (KHTML, like Gecko) Chrome/49.0.2623.112 Safari/537.36', NULL),
(88, '{"Firstname":"Minh Dũng","Surname":"Nguyễn","Age":"55","Role":"Chấp sự","Gender":"M","Church":"Hội Thánh Tin Lành Việt Nam Nam Úc (VECA) SA","Email":"ngmdung@hotmail.com","Phone":"+61419810282","Airbed":false,"AirportTransfer":false,"Fee":400,"Registrants":[{"Firstname":"Lan","Surname":"Nguyễn","Age":53,"Role":"Hội viên Hội thánh","Gender":"F","Relation":"Wife","DiscountFamily":"-","Airbed":false,"AirportTransfer":false,"Fee":400,"Cancelled":false,"DiscountAmount":0,"Pensioner":false},{"Firstname":"Grace","Surname":"Nguyễn","Age":20,"Role":"Hội viên Hội thánh","Gender":"F","Relation":"Daughter","DiscountFamily":"-","Airbed":false,"AirportTransfer":false,"Fee":400,"Cancelled":false,"DiscountAmount":0,"Pensioner":false}],"Comments":"","Reference":"MELBOURNE2016","Cancelled":false,"DiscountAmount":0,"Pensioner":false}', '2016-09-04 00:05:20', '219.90.234.135', 3, 'HX3ME/8A0B1264', 'Mozilla/5.0 (Windows NT 10.0; Win64; x64) AppleWebKit/537.36 (KHTML, like Gecko) Chrome/52.0.2743.116 Safari/537.36', '59D754B3805E31564E1364AAE7B5A146'),
(89, '{"Firstname":"Văn Quân","Surname":"Trương","Age":"29","Role":"Church member","Gender":"M","Church":"Từ Việt Nam - Vietnam","Email":"lydialanhoang@gmail.com","Phone":"+84931509997","Airbed":false,"AirportTransfer":true,"Fee":425,"Registrants":[],"Comments":"","Reference":"MELBOURNE2016","Cancelled":false,"DiscountAmount":0,"Pensioner":false}', '2016-09-07 09:52:00', '110.21.55.140', 1, 'VTSKO/6A014350', 'Mozilla/5.0 (Windows NT 10.0; Win64; x64) AppleWebKit/537.36 (KHTML, like Gecko) Chrome/46.0.2486.0 Safari/537.36 Edge/13.10586', NULL),
(90, '{"Firstname":"Thi Hue","Surname":"Ngo","Age":"46","Role":"Chấp sự","Gender":"F","Church":"Hội Thánh Tin Lành Bình An (Bap) NSW","Email":"hoanguyen.HN98@gmail.com","Phone":"+61449088998","Airbed":false,"AirportTransfer":false,"Fee":400,"Registrants":[{"Firstname":"Nicole Huyen","Surname":"Tran","Age":19,"Role":"Hội viên Hội thánh","Gender":"F","Relation":"Daughter","DiscountFamily":"-","Airbed":false,"AirportTransfer":false,"Fee":400,"Cancelled":false,"DiscountAmount":0,"Pensioner":false}],"Comments":"","Reference":"MELBOURNE2016","Cancelled":false,"DiscountAmount":0,"Pensioner":false}', '2016-09-07 12:30:56', '121.209.66.148', 3, 'APMG1/BE0C84CA', 'Mozilla/5.0 (Macintosh; Intel Mac OS X 10_7_5) AppleWebKit/537.36 (KHTML, like Gecko) Chrome/49.0.2623.112 Safari/537.36', '62171E8AA2AFB9E863F25533F88F4CD9'),
(91, '{"Firstname":"Thi Ngọc Suong","Surname":"Phan","Age":"52","Role":"Hội viên Hội thánh","Gender":"F","Church":"Hội Thánh Tin Lành Bình An (Bap) NSW","Email":"hoanguyen.HN98@gmail.com","Phone":"+61449868488","Airbed":false,"AirportTransfer":false,"Fee":400,"Registrants":[],"Comments":"","Reference":"MELBOURNE2016","Cancelled":false,"DiscountAmount":0,"Pensioner":false}', '2016-09-07 12:34:53', '121.209.66.148', 1, 'JPV1Y/CCDC4B3E', 'Mozilla/5.0 (Macintosh; Intel Mac OS X 10_7_5) AppleWebKit/537.36 (KHTML, like Gecko) Chrome/49.0.2623.112 Safari/537.36', '30BB855D7E93947531B8EE03A5E1CC06'),
(92, '{"Firstname":"Thi Hoa Huong","Surname":"Nguyen","Age":"30","Role":"Hội viên Hội thánh","Gender":"F","Church":"Hội Thánh Tin Lành Bình An (Bap) NSW","Email":"hoanguyen.HN98@gmail.com","Phone":"+61414148989","Airbed":false,"AirportTransfer":true,"Fee":425,"Registrants":[{"Firstname":"Thi My Dung","Surname":"Le","Age":69,"Role":"Hội viên Hội thánh","Gender":"F","Relation":"Mother","DiscountFamily":"-","Airbed":false,"AirportTransfer":true,"Fee":375,"Cancelled":false,"DiscountAmount":0,"Pensioner":true},{"Firstname":"Thi Hoa Lan","Surname":"Nguyen","Age":33,"Role":"Hội viên Hội thánh","Gender":"F","Relation":"Relative","DiscountFamily":"-","Airbed":false,"AirportTransfer":true,"Fee":425,"Cancelled":false,"DiscountAmount":0,"Pensioner":false},{"Firstname":"Martin Nguyen","Surname":"Duong","Age":2,"Role":"Hội viên Hội thánh","Gender":"M","Relation":"Son","DiscountFamily":"-","Airbed":false,"AirportTransfer":true,"Fee":75,"Cancelled":false,"DiscountAmount":0,"Pensioner":false},{"Firstname":"Michelle Thien My","Surname":"Duong","Age":0,"Role":"","Gender":"F","Relation":"Daughter","DiscountFamily":"2nd child 5yo or under","Airbed":false,"AirportTransfer":true,"Fee":25,"Cancelled":false,"DiscountAmount":0,"Pensioner":false}],"Comments":"Sydney to Tullamarine Intl Airport Melbourne\\n12m -  1:35pm\\nVirgin Australia International Flight 838","Reference":"MELBOURNE2016","Cancelled":false,"DiscountAmount":0,"Pensioner":false}', '2016-09-07 12:48:31', '121.209.66.148', 3, 'IPWMQ/FFF1C5F0', 'Mozilla/5.0 (Macintosh; Intel Mac OS X 10_7_5) AppleWebKit/537.36 (KHTML, like Gecko) Chrome/49.0.2623.112 Safari/537.36', 'E75964F160DCF27EA58E71B73891FE71'),
(93, '{"Firstname":"Thị Hoa Hường","Surname":"Nguyễn","Age":"30","Role":"Hội viên Hội thánh","Gender":"F","Church":"Hội Thánh Tin Lành Bình An (Bap) NSW","Email":"hoanguyen.hn98@gmail.com","Phone":"+61414148989","Airbed":false,"AirportTransfer":true,"Fee":425,"Registrants":[{"Firstname":"Thị Mỹ Dung","Surname":"Lê","Age":69,"Role":"Hội viên Hội thánh","Gender":"F","Relation":"Mother","DiscountFamily":"-","Airbed":false,"AirportTransfer":true,"Fee":375,"Cancelled":false,"DiscountAmount":0,"Pensioner":true},{"Firstname":"Thị Hoa Lan","Surname":"Nguyễn ","Age":33,"Role":"Hội viên Hội thánh","Gender":"F","Relation":"Relative","DiscountFamily":"-","Airbed":false,"AirportTransfer":true,"Fee":425,"Cancelled":false,"DiscountAmount":0,"Pensioner":false},{"Firstname":"Martin Nguyên ","Surname":"Dương ","Age":2,"Role":"Hội viên Hội thánh","Gender":"M","Relation":"Son","DiscountFamily":"-","Airbed":false,"AirportTransfer":true,"Fee":75,"Cancelled":false,"DiscountAmount":0,"Pensioner":false},{"Firstname":"Michelle Thiên Mỹ ","Surname":"Dương ","Age":0,"Role":"Hội viên Hội thánh","Gender":"F","Relation":"Daughter","DiscountFamily":"2nd child 5yo or under","Airbed":false,"AirportTransfer":true,"Fee":25,"Cancelled":false,"DiscountAmount":0,"Pensioner":false}],"Comments":"Sydney to Tullamarine Intl Airport Melbourne\\n12pm - 1:35pm\\nVirgin Australia Intl Flight 838","Reference":"MELBOURNE2016","Cancelled":false,"DiscountAmount":0,"Pensioner":false}', '2016-09-07 16:13:44', '121.209.66.148', 3, '4Z61D/0182451F', 'Mozilla/5.0 (iPhone; CPU iPhone OS 9_3_5 like Mac OS X) AppleWebKit/601.1.46 (KHTML, like Gecko) Version/9.0 Mobile/13G36 Safari/601.1', '0497B311A7510689B3106995B1C9DC4D'),
(94, '{"Firstname":"Ho","Surname":"Nguyen Kha","Age":"36","Role":"Pastor","Gender":"M","Church":"Từ Việt Nam - Vietnam","Email":"hnkvn@yahoo.com","Phone":"+84913821603","Airbed":false,"AirportTransfer":false,"Fee":400,"Registrants":[],"Comments":"","Reference":"MELBOURNE2016","Cancelled":false,"DiscountAmount":0,"Pensioner":false}', '2016-09-08 11:35:32', '116.109.108.186', 1, '26CJH/0646DF5D', 'Mozilla/5.0 (iPhone; CPU iPhone OS 9_3_5 like Mac OS X) AppleWebKit/601.1.46 (KHTML, like Gecko) Mobile/13G36 [FBAN/FBIOS;FBAV/63.0.0.37.140;FBBV/37606630;FBRV/0;FBDV/iPhone7,1;FBMD/iPhone;FBSN/iPhone', NULL),
(95, '{"Firstname":"THI TUYET MAI","Surname":"NGO","Age":"60","Role":"Church member","Gender":"F","Church":"Từ Việt Nam - Vietnam","Email":"mercygroupvn@gmail.com","Phone":"+84902469490","Airbed":false,"AirportTransfer":false,"Fee":400,"Registrants":[],"Comments":"","Reference":"MELBOURNE2016","Cancelled":false,"DiscountAmount":0,"Pensioner":false}', '2016-09-09 14:30:19', '42.119.24.147', 1, 'XJ7Q9/ADB1050C', 'Mozilla/5.0 (Windows NT 6.1; WOW64) AppleWebKit/537.36 (KHTML, like Gecko) coc_coc_browser/56.3.120 Chrome/50.3.2661.120 Safari/537.36', NULL),
(96, '{"Firstname":"Hai","Surname":"Tran","Age":"39","Role":"Church member","Gender":"M","Church":"Từ Việt Nam - Vietnam","Email":"jason.pham17@yahoo.com.au","Phone":"+61403919417","Airbed":false,"AirportTransfer":false,"Fee":400,"Registrants":[],"Comments":"","Reference":"MELBOURNE2016","Cancelled":false,"DiscountAmount":0,"Pensioner":false}', '2016-09-09 14:51:59', '49.183.52.13', 1, 'FMNA8/FEF30935', 'Mozilla/5.0 (iPhone; CPU iPhone OS 9_3_4 like Mac OS X) AppleWebKit/601.1.46 (KHTML, like Gecko) Mobile/13G35 [FBAN/MessengerForiOS;FBAV/86.0.0.17.70;FBBV/37469989;FBRV/0;FBDV/iPhone8,2;FBMD/iPhone;FB', '1086E4FD70B44928EB18FCA6C384C87B'),
(97, '{"Firstname":"Nhung","Surname":"Nguyen","Age":"47","Role":"Church member","Gender":"F","Church":"Hội Thánh Tin Lành Việt Nam Nam Úc (VECA) SA","Email":"nhungselina@yahoo.com.au","Phone":"+61424013254","Airbed":false,"AirportTransfer":false,"Fee":400,"Registrants":[{"Firstname":"Sophia","Surname":"Tran","Age":17,"Role":"Church member","Gender":"F","Relation":"Daughter","DiscountFamily":"-","Airbed":false,"AirportTransfer":false,"Fee":400,"Cancelled":false,"DiscountAmount":0,"Pensioner":false},{"Firstname":"Selina","Surname":"Tran","Age":15,"Role":"Church member","Gender":"F","Relation":"Daughter","DiscountFamily":"2nd child over 5yo","Airbed":false,"AirportTransfer":false,"Fee":300,"Cancelled":false,"DiscountAmount":0,"Pensioner":false},{"Firstname":"Shayna","Surname":"Tran","Age":14,"Role":"Church member","Gender":"F","Relation":"Daughter","DiscountFamily":"2nd child over 5yo","Airbed":false,"AirportTransfer":false,"Fee":300,"Cancelled":false,"DiscountAmount":0,"Pensioner":false}],"Comments":"","Reference":"MELBOURNE2016","Cancelled":false,"DiscountAmount":0,"Pensioner":false}', '2016-09-09 23:39:17', '219.90.232.234', 3, 'R3Y2Q/B85E2BB9', 'Mozilla/5.0 (Windows NT 6.1; Win64; x64) AppleWebKit/537.36 (KHTML, like Gecko) Chrome/53.0.2785.101 Safari/537.36', '04A987F405A0F5DE2524E8A8C7721F58'),
(98, '{"Firstname":"Le son  Thi Tock","Surname":"LE","Age":"54","Role":"Truyền đạo","Gender":"F","Church":"Từ Việt Nam - Vietnam","Email":"kimchau188@gmail.com","Phone":"+61432187624","Airbed":false,"AirportTransfer":false,"Fee":400,"Registrants":[],"Comments":"","Reference":"MELBOURNE2016","Cancelled":false,"DiscountAmount":0,"Pensioner":false}', '2016-09-10 02:30:55', '110.238.62.128', 1, 'FL1Q4/3BFE5396', 'Mozilla/5.0 (Windows NT 6.3; WOW64) AppleWebKit/537.36 (KHTML, like Gecko) Chrome/52.0.2743.116 Safari/537.36', 'A3240C34CDB9A646E69DE4FC328D95AA'),
(99, '{"Firstname":"Le son thi","Surname":"Tock","Age":"54","Role":"Truyền đạo","Gender":"F","Church":"Từ Việt Nam - Vietnam","Email":"kimchau188@gmail.com","Phone":"+61432187624","Airbed":false,"AirportTransfer":false,"Fee":400,"Registrants":[],"Comments":"","Reference":"MELBOURNE2016","Cancelled":false,"DiscountAmount":0,"Pensioner":false}', '2016-09-10 02:52:57', '110.238.62.128', 1, 'LFD3J/8E9BC31B', 'Mozilla/5.0 (iPhone; CPU iPhone OS 7_1_1 like Mac OS X) AppleWebKit/537.51.2 (KHTML, like Gecko) Version/7.0 Mobile/11D201 Safari/9537.53', '428F3B8A508E4CCE8833C10AA949D314'),
(100, '{"Firstname":"MY","Surname":"NGUYEN","Age":"42","Role":"Church member","Gender":"F","Church":"Hội Thánh Tin Lành Việt Nam Adelaide (CMA) SA","Email":"hoamy25@gmail.com","Phone":"+61421064975","Airbed":false,"AirportTransfer":false,"Fee":400,"Registrants":[{"Firstname":"HOA XUAN","Surname":"NGUYEN","Age":49,"Role":"Church member","Gender":"M","Relation":"Husband","DiscountFamily":"-","Airbed":false,"AirportTransfer":false,"Fee":400,"Cancelled":false,"DiscountAmount":0,"Pensioner":false},{"Firstname":"NATALIE","Surname":"NGUYEN","Age":16,"Role":"Church member","Gender":"F","Relation":"Daughter","DiscountFamily":"-","Airbed":false,"AirportTransfer":false,"Fee":400,"Cancelled":false,"DiscountAmount":0,"Pensioner":false},{"Firstname":"EMELIE","Surname":"NGUYEN","Age":13,"Role":"Church member","Gender":"F","Relation":"Daughter","DiscountFamily":"2nd child over 5yo","Airbed":false,"AirportTransfer":false,"Fee":300,"Cancelled":false,"DiscountAmount":0,"Pensioner":false},{"Firstname":"HOLLIE","Surname":"NGUYEN","Age":9,"Role":"Church member","Gender":"F","Relation":"Daughter","DiscountFamily":"2nd child over 5yo","Airbed":false,"AirportTransfer":false,"Fee":220,"Cancelled":false,"DiscountAmount":0,"Pensioner":false},{"Firstname":"MILLIE","Surname":"NGUYEN","Age":8,"Role":"Church member","Gender":"F","Relation":"Daughter","DiscountFamily":"2nd child over 5yo","Airbed":false,"AirportTransfer":false,"Fee":220,"Cancelled":false,"DiscountAmount":0,"Pensioner":false},{"Firstname":"LUCAS","Surname":"NGUYEN","Age":2,"Role":"Church member","Gender":"M","Relation":"Son","DiscountFamily":"2nd child 5yo or under","Airbed":false,"AirportTransfer":false,"Fee":0,"Cancelled":false,"DiscountAmount":0,"Pensioner":false}],"Comments":"No air beds please. thanks","Reference":"MELBOURNE2016","Cancelled":false,"DiscountAmount":0,"Pensioner":false}', '2016-09-10 22:31:52', '101.179.32.119', 3, 'MGHQH/D382D552', 'Mozilla/5.0 (Windows NT 10.0; Win64; x64) AppleWebKit/537.36 (KHTML, like Gecko) Chrome/46.0.2486.0 Safari/537.36 Edge/13.10586', 'B36BDBE18E6A80ADA4ED6525491CE572'),
(101, '{"Firstname":"HUE","Surname":"PHAN","Age":"45","Role":"Church member","Gender":"F","Church":"Hội Thánh Tin Lành Việt Nam Adelaide (CMA) SA","Email":"hoamy25@gmail.com","Phone":"+61422443874","Airbed":false,"AirportTransfer":false,"Fee":400,"Registrants":[{"Firstname":"SARAH","Surname":"NGUYEN","Age":13,"Role":"Church member","Gender":"F","Relation":"Daughter","DiscountFamily":"-","Airbed":false,"AirportTransfer":false,"Fee":400,"Cancelled":false,"DiscountAmount":0,"Pensioner":false},{"Firstname":"AMY","Surname":"NGUYEN","Age":11,"Role":"Church member","Gender":"F","Relation":"Daughter","DiscountFamily":"2nd child over 5yo","Airbed":false,"AirportTransfer":false,"Fee":220,"Cancelled":false,"DiscountAmount":0,"Pensioner":false},{"Firstname":"HENRY","Surname":"NGUYEN","Age":10,"Role":"Church member","Gender":"M","Relation":"Son","DiscountFamily":"2nd child over 5yo","Airbed":false,"AirportTransfer":false,"Fee":220,"Cancelled":false,"DiscountAmount":0,"Pensioner":false}],"Comments":"No air beds please. thanks","Reference":"MELBOURNE2016","Cancelled":false,"DiscountAmount":0,"Pensioner":false}', '2016-09-10 22:43:55', '101.179.32.119', 3, 'GRSDV/00BACFE6', 'Mozilla/5.0 (Windows NT 10.0; Win64; x64) AppleWebKit/537.36 (KHTML, like Gecko) Chrome/46.0.2486.0 Safari/537.36 Edge/13.10586', '9229247E34C4C37EE8DA711EC38EB68D'),
(102, '{"Firstname":"Kim Loan Thị","Surname":"Lê","Age":"48","Role":"Hội viên Hội thánh","Gender":"F","Church":"Hội Thánh Tin Lành Bình An (Bap) NSW","Email":"hoanguyen.hn98@gmail.com","Phone":"+61420234848","Airbed":false,"AirportTransfer":true,"Fee":425,"Registrants":[],"Comments":"","Reference":"MELBOURNE2016","Cancelled":false,"DiscountAmount":0,"Pensioner":false}', '2016-09-11 13:36:20', '101.174.160.133', 1, '8Z74B/134AFB31', 'Mozilla/5.0 (Windows NT 6.1; WOW64) AppleWebKit/537.36 (KHTML, like Gecko) Chrome/52.0.2743.116 Safari/537.36', NULL),
(103, '{"Firstname":"Thu-Vân Đặng","Surname":"Nguyễn","Age":"48","Role":"Truyền đạo","Gender":"F","Church":"Từ Châu Mỹ - Americas","Email":"khanh.thuvan@gmail.com","Phone":"+13165164804","Airbed":false,"AirportTransfer":true,"Fee":425,"Registrants":[{"Firstname":"Thị Ngọc Anh","Surname":"Huỳnh","Age":68,"Role":"Truyền đạo","Gender":"F","Relation":"Friend","DiscountFamily":"-","Airbed":false,"AirportTransfer":true,"Fee":375,"Cancelled":false,"DiscountAmount":0,"Pensioner":false}],"Comments":"thông tin chuyến bay sẽ được cung cấp sau","Reference":"MELBOURNE2016","Cancelled":false,"DiscountAmount":0,"Pensioner":false}', '2016-09-12 19:07:27', '58.108.223.127', 3, 'L611Y/04FC787C', 'Mozilla/5.0 (Windows NT 10.0) AppleWebKit/537.36 (KHTML, like Gecko) Chrome/52.0.2743.116 Safari/537.36', NULL),
(104, '{"Firstname":"Hang","Surname":"Nguyen","Age":"51","Role":"Chấp sự","Gender":"F","Church":"Hội Thánh Tin Lành Việt Nam Nam Úc (VECA) SA","Email":"hangthinguyen@live.com.au","Phone":"+61410599721","Airbed":false,"AirportTransfer":true,"Fee":425,"Registrants":[{"Firstname":"Phu","Surname":"Nguyen ","Age":89,"Role":"Hội viên Hội thánh","Gender":"M","Relation":"Father","DiscountFamily":"-","Airbed":false,"AirportTransfer":true,"Fee":375,"Cancelled":false,"DiscountAmount":0,"Pensioner":true},{"Firstname":"Luu","Surname":"Pham","Age":79,"Role":"Hội viên Hội thánh","Gender":"F","Relation":"Mother","DiscountFamily":"-","Airbed":false,"AirportTransfer":true,"Fee":375,"Cancelled":false,"DiscountAmount":0,"Pensioner":true}],"Comments":"Please pick all of us from Tullamarine air port at 0900 on 27/12/16. Our flight QF 670 arrive Melbourne at 7:50 am\\nAnd  return us to air port on 31/12/16  at 12:00 pm thanks","Reference":"MELBOURNE2016","Cancelled":false,"DiscountAmount":0,"Pensioner":false}', '2016-09-13 12:57:21', '122.49.134.45', 3, 'FBC9U/B1151E57', 'Mozilla/5.0 (iPad; CPU OS 9_1 like Mac OS X) AppleWebKit/601.1.46 (KHTML, like Gecko) Version/9.0 Mobile/13B143 Safari/601.1', 'E867ECC53F34EBCF9B051F9C664F4935'),
(105, '{"Firstname":"Thị Hoa Hường","Surname":"Nguyễn","Age":"30","Role":"Church member","Gender":"F","Church":"Hội Thánh Tin Lành Bình An (Bap) NSW","Email":"hoahuong.hn98@gmail.com","Phone":"+61420234848","Airbed":false,"AirportTransfer":true,"Fee":425,"Registrants":[{"Firstname":"Thị Mỹ Dung","Surname":"Lê","Age":70,"Role":"Church member","Gender":"F","Relation":"Mother","DiscountFamily":"-","Airbed":false,"AirportTransfer":true,"Fee":375,"Cancelled":false,"DiscountAmount":0,"Pensioner":true},{"Firstname":"Thị Hoa Lan","Surname":"NGUYỄN ","Age":33,"Role":"Church member","Gender":"F","Relation":"Relative","DiscountFamily":"-","Airbed":false,"AirportTransfer":true,"Fee":425,"Cancelled":false,"DiscountAmount":0,"Pensioner":false},{"Firstname":"Martin Nguyên ","Surname":"Dương ","Age":2,"Role":"Church member","Gender":"M","Relation":"Son","DiscountFamily":"-","Airbed":false,"AirportTransfer":true,"Fee":75,"Cancelled":false,"DiscountAmount":0,"Pensioner":false},{"Firstname":"Michelle Thien My","Surname":"Duong","Age":0,"Role":"Church member","Gender":"F","Relation":"Daughter","DiscountFamily":"2nd child 5yo or under","Airbed":false,"AirportTransfer":true,"Fee":25,"Cancelled":false,"DiscountAmount":0,"Pensioner":false}],"Comments":"Sydney to Tullamarine Intl Airport Melbourne 12pm - 1:35pm\\nVirgin Australia 871","Reference":"MELBOURNE2016","Cancelled":false,"DiscountAmount":0,"Pensioner":false}', '2016-09-14 12:17:15', '120.19.61.227', 3, 'DGUCC/32BB25F5', 'Mozilla/5.0 (iPhone; CPU iPhone OS 9_3_5 like Mac OS X) AppleWebKit/601.1.46 (KHTML, like Gecko) Version/9.0 Mobile/13G36 Safari/601.1', '83095E8F04C5870A7E790832B5492871'),
(106, '{"Firstname":"Tien Quang","Surname":"Do","Age":"29","Role":"Hội viên Hội thánh","Gender":"M","Church":"Từ Việt Nam - Vietnam","Email":"quangqng2003@yahoo.com","Phone":"+84908556264","Airbed":false,"AirportTransfer":false,"Fee":400,"Registrants":[],"Comments":"","Reference":"MELBOURNE2016","Cancelled":false,"DiscountAmount":0,"Pensioner":false}', '2016-09-14 21:01:06', '139.218.12.185', 1, 'VLMJW/DF2DA971', 'Mozilla/5.0 (Windows NT 10.0; WOW64) AppleWebKit/537.36 (KHTML, like Gecko) Chrome/52.0.2743.116 Safari/537.36', NULL),
(107, '{"Firstname":"Trần Thị","Surname":"Nhã Vy","Age":"35","Role":"Hội viên Hội thánh","Gender":"F","Church":"Từ Việt Nam - Vietnam","Email":"hoithanhvietnaminlao@gmail.com","Phone":"+84937565337","Airbed":false,"AirportTransfer":true,"Fee":375,"Registrants":[],"Comments":"","Reference":"MELBOURNE2016","Cancelled":false,"DiscountAmount":0,"Pensioner":true}', '2016-09-15 02:32:16', '183.182.126.57', 1, 'IJX28/B90606DD', 'Mozilla/5.0 (Linux; Android 6.0.1; SM-P555 Build/MMB29M) AppleWebKit/537.36 (KHTML, like Gecko) Chrome/52.0.2743.98 Safari/537.36', NULL),
(108, '{"Firstname":"Hanh","Surname":"Ngo","Age":"40","Role":"Church member","Gender":"F","Church":"Hội Thánh Tin Lành Việt Nam Nam Úc (VECA) SA","Email":"hanhice@gmail.com","Phone":"+61434103736","Airbed":false,"AirportTransfer":false,"Fee":400,"Registrants":[{"Firstname":"Elijah","Surname":"Ngo","Age":11,"Role":"Church member","Gender":"M","Relation":"Son","DiscountFamily":"-","Airbed":false,"AirportTransfer":false,"Fee":320,"Cancelled":false,"DiscountAmount":0,"Pensioner":false},{"Firstname":"Naomi","Surname":"Ngo","Age":9,"Role":"Church member","Gender":"F","Relation":"Daughter","DiscountFamily":"2nd child over 5yo","Airbed":false,"AirportTransfer":false,"Fee":220,"Cancelled":false,"DiscountAmount":0,"Pensioner":false},{"Firstname":"Ezra ","Surname":"Ngo","Age":5,"Role":"","Gender":"F","Relation":"Daughter","DiscountFamily":"2nd child 5yo or under","Airbed":false,"AirportTransfer":false,"Fee":0,"Cancelled":false,"DiscountAmount":0,"Pensioner":false},{"Firstname":"Neriah","Surname":"Ngo","Age":4,"Role":"","Gender":"F","Relation":"Daughter","DiscountFamily":"2nd child 5yo or under","Airbed":false,"AirportTransfer":false,"Fee":0,"Cancelled":false,"DiscountAmount":0,"Pensioner":false}],"Comments":"no nut - food allergy (anaphylactic reaction)","Reference":"MELBOURNE2016","Cancelled":false,"DiscountAmount":0,"Pensioner":false}', '2016-09-15 13:56:03', '144.139.63.149', 3, 'P1LJN/BD397D4E', 'Mozilla/5.0 (Macintosh; Intel Mac OS X 10_11_4) AppleWebKit/601.5.17 (KHTML, like Gecko) Version/9.1 Safari/601.5.17', 'A75C058AAA7EDFB0EE0314FA7696FD3B');

-- --------------------------------------------------------

--
-- Table structure for table `MainContact`
--

CREATE TABLE IF NOT EXISTS `MainContact` (
  `MainContactId` int(4) NOT NULL AUTO_INCREMENT,
  `FullName` varchar(100) COLLATE utf8_unicode_ci NOT NULL,
  `Age` int(4) NOT NULL,
  `Church` varchar(250) COLLATE utf8_unicode_ci NOT NULL,
  `Email` varchar(255) COLLATE utf8_unicode_ci NOT NULL,
  `Phone` varchar(15) COLLATE utf8_unicode_ci NOT NULL,
  `DateTimeEntered` datetime NOT NULL,
  `AirportTransfer` tinyint(1) NOT NULL DEFAULT '0',
  `Airbed` tinyint(1) NOT NULL DEFAULT '0',
  `Comments` varchar(2000) COLLATE utf8_unicode_ci DEFAULT NULL,
  `Fee` decimal(4,0) DEFAULT '0',
  `Reference` varchar(30) COLLATE utf8_unicode_ci NOT NULL,
  `CheckedIn` tinyint(1) NOT NULL DEFAULT '0',
  `Role` varchar(50) COLLATE utf8_unicode_ci NOT NULL DEFAULT '',
  `Gender` varchar(1) COLLATE utf8_unicode_ci NOT NULL DEFAULT '',
  `Cancelled` tinyint(1) NOT NULL DEFAULT '0',
  `Firstname` varchar(50) COLLATE utf8_unicode_ci DEFAULT NULL,
  `Surname` varchar(50) COLLATE utf8_unicode_ci DEFAULT NULL,
  `Pensioner` tinyint(1) NOT NULL DEFAULT '0',
  PRIMARY KEY (`MainContactId`),
  UNIQUE KEY `Reference` (`Reference`)
) ENGINE=InnoDB  DEFAULT CHARSET=utf8 COLLATE=utf8_unicode_ci AUTO_INCREMENT=108 ;

--
-- Dumping data for table `MainContact`
--

INSERT INTO `MainContact` (`MainContactId`, `FullName`, `Age`, `Church`, `Email`, `Phone`, `DateTimeEntered`, `AirportTransfer`, `Airbed`, `Comments`, `Fee`, `Reference`, `CheckedIn`, `Role`, `Gender`, `Cancelled`, `Firstname`, `Surname`, `Pensioner`) VALUES
(1, 'Nguyệt Ánh Huỳnh', 56, 'Hội Thánh Tin Lành Việt Nam Nam Úc (VECA) SA', 'nguyet.a@hotmail.com', '+61434343600', '2016-05-18 16:27:46', 0, 0, '', '400', 'QGI1B/B62817E8', 0, 'Hội viên Hội thánh', 'F', 0, 'Nguyệt Ánh', 'Huỳnh', 0),
(2, 'NGUYEN THI E LY', 35, 'Từ Việt Nam - Vietnam', 'eli.nguyen@hotmail.com', '+841235602923', '2016-05-19 14:34:04', 1, 0, '', '425', '5K403/23CBB3CE', 0, 'Hội viên Hội thánh', 'F', 0, 'NGUYEN', 'THI E LY', 0),
(3, 'Kyle Huynh1', 36, 'Hội Thánh Tin Lành Springvale (VECA) VIC', 'kyle@instil.org.au', '+61403478387', '2016-05-20 10:23:36', 0, 0, 'This is a test but i would like two separate rooms.', '400', 'XIDV9/9080C1D2', 0, 'Church member', 'M', 0, 'Kyle', 'Huynh1', 0),
(4, 'Văn Noi Nguyễn', 60, 'Hội Thánh Tin Lành Việt Nam Bankstown (IND) NSW', 'noi_nga@yahoo.com.au', '+61414171115', '2016-05-20 23:07:26', 1, 0, '', '425', '09PN8/C0E9FA62', 0, 'Chấp sự', 'M', 0, 'Văn Noi', 'Nguyễn', 0),
(5, 'thi to lien nguyen', 50, 'Hội Thánh Tin Lành Việt Nam Bankstown (IND) NSW', 'pickylien@yahoo.com.au', '+61431475986', '2016-05-21 07:27:17', 1, 0, '', '425', '6Z75H/1356A87D', 0, 'Hội viên Hội thánh', 'F', 0, 'thi to lien', 'nguyen', 0),
(7, 'Ngoc Nhu Quyen NGUYEN', 43, 'Từ Việt Nam - Vietnam', 'long_doan@yahoo.com', '+61401041495', '2016-05-23 11:10:13', 0, 0, '', '400', 'V03RJ/875452A4', 0, 'Church member', 'F', 0, 'Ngoc Nhu Quyen', 'NGUYEN', 0),
(8, 'Đa - Vít Võ', 56, 'Từ Việt Nam - Vietnam', 'hoanguyen.hn98@gmail.com', '+84908575766', '2016-05-27 10:26:25', 0, 0, 'Tôi cần hóa đơn thanh toán  và giấy giấy giới thiệu từ Đại Hội để làm thủ tục đi Úc. Xin cảm ơn ban tổ chức.', '400', 'C6HUB/431E86C0', 0, 'Chấp sự', 'M', 0, 'Đa - Vít', 'Võ', 0),
(9, 'Thị Thu Hường Nguyễn', 28, 'Từ Việt Nam - Vietnam', 'baomy060614@gmail.com', '+84902332217', '2016-05-28 01:46:21', 0, 0, '', '400', 'QU5YN/BCDC84D5', 0, 'Thân hữu', 'F', 0, 'Thị Thu Hường', 'Nguyễn', 0),
(10, 'van huynh', 20, 'Chi hội Báp-tít Người Hoa (Bap) VIC', 'van8000@yahoo.com', '+16173873455', '2016-05-28 01:46:32', 0, 0, '', '400', 'XD1NI/BD828864', 0, 'Church member', 'M', 0, 'van', 'huynh', 0),
(11, 'Văn Công Nguyễn', 80, 'Hội Thánh Tin Lành Bình An (Bap) NSW', 'hoanguyen.hn98@gmail.com', '+61431642805', '2016-05-29 14:33:30', 1, 0, 'Xin Ban Tổ Chức sắp xếp cho tín đồ Hội Thánh Bình An ở chung 1 khu vực tại Đại Hội. Xin BTC cũng giúp cho 2 người đã đăng ký là ông Võ Đa-Vít (Việt Nam) và người em gái Cô Võ Thị Thanh Thủy ở chung đoàn với Hội Thánh Bình An. Xin cám ơn BTC.\n\nTuesday  27th December 2016 Sydney  to  Melbourne 12:00 PM - 01:35 PM \nVirgin Australia International Flight 838 \nDepart: Sydney Intl (Kingsford Smith) Airport (SYD), Sydney\nArrive:	Tullamarine Intl Airport (MEL), Melbourne\nEconomy Class - Boeing 737', '375', 'R30IJ/11A7F9AB', 0, 'Pastor', 'M', 0, 'Văn Công', 'Nguyễn', 1),
(12, 'Thị Mỹ Dung Lê', 68, 'Hội Thánh Tin Lành Bình An (Bap) NSW', 'hoanguyen.hn98@gmail.com', '+61414148989', '2016-05-29 15:27:15', 1, 0, 'Tuesday  27th December 2016\nSydney  to  Melbourne\n\n12:00 PM - 01:35 PM \n\nVirgin Australia International Flight 838 \n\n Depart:	Sydney Intl (Kingsford Smith) Airport (SYD), Sydney\nArrive:	Tullamarine Intl Airport (MEL), Melbourne\n\nEconomy Class - Boeing 737', '375', '35BNM/DB382125', 0, 'Hội viên Hội thánh', 'F', 0, 'Thị Mỹ Dung', 'Lê', 1),
(13, 'Van Noi Nguyen', 60, 'Hội Thánh Tin Lành Việt Nam Bankstown (IND) NSW', 'noi_nga@yahoo.com.au', '+61414171115', '2016-05-31 13:44:15', 0, 0, 'Xin book them Co Cynthie Nguyen vao danh sach tham du DH/TLLH ky V. Cam on BTC/DH', '400', 'U7XIN/88FE8928', 0, 'Chấp sự', 'M', 1, 'Van Noi', 'Nguyen', 0),
(14, 'Thục Anh Lý', 45, 'Hội Thánh Tin Lành Bình An (Bap) NSW', 'hoanguyen.hn98@gmail.com', '+61420234848', '2016-06-07 17:02:21', 1, 0, 'Virgin Australia 838\nSydney to Melbourne. Arrive at 1:35pm. \nĐi chung với phái đoàn của HT Binh An Sydney (MS Nguyễn Văn Công)', '425', 'U1YQJ/17D4C82F', 0, 'Hội viên Hội thánh', 'F', 0, 'Thục Anh', 'Lý', 0),
(15, 'Thị Lý Nguyễn', 59, 'Từ Việt Nam - Vietnam', 'ntbh2012@gmail.com', '+84907747329', '2016-06-12 17:55:30', 1, 0, '', '425', 'J6OCE/572BD71E', 0, 'Thân hữu', 'F', 1, 'Thị Lý', 'Nguyễn', 0),
(16, 'Dinesh Sanakumaran', 42, 'Hội Thánh Tin Lành Springvale (VECA) VIC', 'dineshjs@hotmail.com', '+61401322447', '2016-06-12 18:58:00', 0, 0, '', '400', 'XKRYZ/418F3601', 0, 'Church member', 'M', 0, 'Dinesh', 'Sanakumaran', 0),
(17, 'Văn Năm Trần', 80, 'Hội Thánh Tin Lành Việt Nam Bankstown (IND) NSW', 'noi_nga@yahoo.com.au', '+61414171115', '2016-06-12 19:02:36', 1, 0, '', '375', 'DBRXK/52CA8B91', 0, 'Thân hữu', 'M', 1, 'Văn Năm', 'Trần', 1),
(18, 'Thị Lý Nguyễn', 59, 'Từ Việt Nam - Vietnam', 'ntbh2012@gmail.com', '+84907747329', '2016-06-18 22:21:32', 0, 0, '', '400', 'CHX6U/CCCEA198', 0, 'Thân hữu', 'F', 0, 'Thị Lý', 'Nguyễn', 0),
(19, 'Thuan Luu', 50, 'Từ Châu Á - Asia', 'hongthao_luu@yahoo.com', '+61402445428', '2016-06-19 20:20:53', 0, 0, '', '400', 'BQC6W/20597E1A', 0, 'Hội viên Hội thánh', 'M', 1, 'Thuan', 'Luu', 0),
(20, 'Thuan Luu', 50, 'Từ Châu Á - Asia', 'hongthao_luu@yahoo.com', '+61402445428', '2016-06-19 20:36:53', 0, 0, 'We are, a family of four members, from the philippines. We would like to be registered under or close to Reservoir church members.\n\nThanks,\n\nThuan', '400', '97J9W/5C59ABCA', 0, 'Hội viên Hội thánh', 'M', 0, 'Thuan', 'Luu', 0),
(21, 'Dũng Phạm', 47, 'Từ Việt Nam - Vietnam', 'ntbh2012@gmail.com', '+84907747329', '2016-06-21 17:36:01', 0, 0, '', '400', '81VHF/E619B9D2', 0, 'Thân hữu', 'M', 0, 'Dũng', 'Phạm', 0),
(22, 'Lê Quốc Tuấn Hoàng', 51, 'Từ Việt Nam - Vietnam', 'hoanglequoctuan78@gmail.com', '+84938784678', '2016-06-21 23:05:36', 0, 0, '', '400', '3QL77/BA108705', 0, 'Hội viên Hội thánh', 'M', 0, 'Lê Quốc Tuấn', 'Hoàng', 0),
(23, 'Hải Trịnh', 66, 'Hội Thánh Tin Lành Việt Nam Seddon (CMA) VIC', 'johnvntruong@gmail.com', '+61402445428', '2016-06-22 18:52:50', 0, 0, 'I like to be close to Reservoir Baptist Church members', '350', 'CR6KQ/1E216F50', 0, 'Hội viên Hội thánh', 'M', 0, 'Hải', 'Trịnh', 0),
(25, 'Nga Hồ Thị', 33, 'Từ Việt Nam - Vietnam', 'ngaho2910@gmail.com', '+84932643536', '2016-06-29 18:16:23', 1, 0, '', '425', 'GV5TQ/3D744480', 0, 'Hội viên Hội thánh', 'F', 0, 'Nga', 'Hồ Thị', 0),
(26, 'Thị Hồng Nguyễn', 68, 'Từ Việt Nam - Vietnam', 'toansamsbackup@gmail.com', '+61434286329', '2016-07-05 12:15:16', 0, 0, 'con trai là thành viên hội thánh West Footscray (UCA) VIC', '350', '30KF4/834E10FB', 0, 'Church member', 'F', 0, 'Thị Hồng', 'Nguyễn', 0),
(27, 'Kim Anh Nguyen', 21, 'Hội Thánh Tin Lành Việt Nam Kingsgrove (CMA) NSW', 'kimmmanh@gmail.com', '+61417437914', '2016-07-09 23:44:50', 0, 0, 'Kính chào Ban tổ chức Đại Hội.\nKim Anh Nguyễn và Katrina Khanh Nguyễn là hai chị em. Xin vui lòng để các cháu cùng một phòng gần Ông Bà Nội các cháu là Mục Sư và Nguyễn Văn Công. Thành thật cám ơn.\nTB: Trong web-side phần RELATION: CHƯA CÓ BROTHER OR SISTER.', '400', 'NOMDY/FD2C5207', 0, 'Hội viên Hội thánh', 'F', 0, 'Kim Anh', 'Nguyen', 0),
(28, 'nguyễn kim cường cường', 32, 'Từ Việt Nam - Vietnam', 'cuongnk@ntea.vn', '+84905894444', '2016-07-10 03:33:50', 1, 0, '', '425', 'IV2A1/57E0D3B9', 0, 'Truyền đạo', 'M', 0, 'nguyễn kim cường', 'cường', 0),
(29, 'trần hà phương phương', 28, 'Từ Việt Nam - Vietnam', 'phuongth@ntea.vn', '+841697264444', '2016-07-10 03:41:50', 1, 0, '', '425', 'SE2Q4/75E76C5B', 0, 'Truyền đạo', 'F', 0, 'trần hà phương', 'phương', 0),
(30, 'Hồ Triệu Ngọc Luân Hồ Triệu', 64, 'Hội Thánh Tin Lành ACT (VECA) ACT', 'ht333@optusnet.com.au', '+61403881212', '2016-07-12 13:55:26', 1, 0, 'Arrival time in Melbourne Airport 10.15AM, 27/12/2016  (on QANTAS Flight QF811)\n\nDeparture time from Melbourne Airport 19.05 (PM), 31/12/2016 (by QANTAS Flight QF1542)\n         (at least 1 hour before departure time required by Qantas)', '425', '9NF9I/A2E753E7', 0, 'Hội viên Hội thánh', 'M', 0, 'Hồ Triệu Ngọc Luân', 'Hồ Triệu', 0),
(32, 'Jenny Vu', 20, 'Other...', 'jennieee.xd@hotmail.com', '+61410167064', '2016-07-20 20:31:31', 0, 0, 'Can I please have a room near Kim Anh Nguyen (reference: NOMDY/FD2C5207)? As we are close friends travelling together. Thank You!', '400', 'OYFST/30331C00', 0, 'Church member', 'F', 0, 'Jenny', 'Vu', 0),
(37, 'Thu Huong Nguyen', 60, 'Other...', 'huongnguyeninaus@gmail.com', '+61466640117', '2016-08-07 19:08:00', 0, 0, '', '350', 'NM6SA/A7017C0D', 0, 'Guest', 'F', 0, 'Thu Huong', 'Nguyen', 1),
(38, 'Thu Lan Nguyen', 43, 'Từ Việt Nam - Vietnam', 'ruthvntruong@gmail.com', '+61439001891', '2016-08-07 22:03:44', 0, 0, 'Muốn được ở chung với thành viên hội thánh Baptit Reservoir', '400', 'W5E7X/3A09C159', 0, 'Hội viên Hội thánh', 'F', 0, 'Thu Lan', 'Nguyen', 0),
(39, 'Chu Thái Sơn Chu', 48, 'Hội Thánh Tin Lành Việt Nam Bankstown (IND) NSW', 'noi_nga@yahoo.com.au', '+61414171115', '2016-08-07 23:10:44', 0, 0, 'Gia đình Anh Chị Nguyễn Đức Thắng và hai con trai ở Việt Nam đóng tiền sớm theo qui định nhưng còn tùy thuộc vào visa vào Úc thưa quí Anh Chị trong BTC/ĐH/TLLH KỲ V . Cám ơn BTC/ĐH xin Chúa luôn ở cùng và ban phước trên quí vị luôn.', '400', 'UVX38/3544B718', 0, 'Chấp sự', 'M', 0, 'Chu Thái Sơn', 'Chu', 0),
(40, 'HONG THI NGUYEN', 61, 'Hội Thánh Tin Lành Báp-tít Reservoir (Bap) VIC', 'ruthvntruong@gmail.com', '+61439001891', '2016-08-09 19:12:00', 0, 0, '', '400', 'NCFOB/E60EF7EF', 0, 'Chấp sự', 'F', 0, 'HONG THI', 'NGUYEN', 0),
(41, 'TIN THANH NGUYEN', 54, 'Hội Thánh Tin Lành Báp-tít Reservoir (Bap) VIC', 'ruthvntruong@gmail.com', '+61439001891', '2016-08-09 19:19:42', 0, 0, '', '400', '2GIED/02E191F1', 0, 'Hội viên Hội thánh', 'M', 0, 'TIN THANH', 'NGUYEN', 0),
(42, 'THAO THANH P NGUYEN', 43, 'Hội Thánh Tin Lành Báp-tít Reservoir (Bap) VIC', 'ruthvntruong@gmail.com', '+61439001891', '2016-08-09 19:32:10', 0, 0, '', '400', 'R0Y58/31A0BE0C', 0, 'Hội viên Hội thánh', 'F', 0, 'THAO THANH P', 'NGUYEN', 0),
(43, 'HƯỜNG NGỌC T DƯƠNG', 54, 'Hội Thánh Tin Lành Báp-tít Reservoir (Bap) VIC', 'ruthvntruong@gmail.com', '+61439001891', '2016-08-09 20:03:29', 0, 0, '', '400', '9VB7Z/A71AFC34', 0, 'Chấp sự', 'F', 0, 'HƯỜNG NGỌC T', 'DƯƠNG', 0),
(44, 'LOAN NGUYEN (THI KIEU)', 44, 'Từ Việt Nam - Vietnam', 'meosara@yahoo.com', '+84903879766', '2016-08-11 10:50:15', 1, 0, '', '425', 'MZYF7/BC7728DC', 0, 'Deacon', 'F', 0, 'LOAN', 'NGUYEN (THI KIEU)', 0),
(45, 'Đức Tùng Thiện Tống', 65, 'Hội Thánh Hy Vọng (IND) NSW', 'dtthientong@gmail.com', '+61413734923', '2016-08-13 15:37:24', 0, 0, '', '350', '9BJPA/2141E987', 0, 'Mục sư', 'M', 0, 'Đức Tùng Thiện', 'Tống', 0),
(54, 'Ve Nguyen Nguyen', 55, 'Hội Thánh Tin Lành Melbourne (VECA) VIC', 've.nguyen@bigpond.com', '+61419586318', '2016-08-17 14:05:07', 0, 0, '', '400', 'U0SVZ/273AC2A3', 0, 'Deacon', 'M', 0, 'Ve Nguyen', 'Nguyen', 0),
(55, 'Thị Thu Hường Nguyễn', 27, 'Hội Thánh Báp-tít Ân Điển Việt Nam Cabramatta (Bap) NSW', 'baomy060614@gmail.com', '+84902332217', '2016-08-20 00:06:14', 0, 0, '', '400', 'SBCQT/256B5D9F', 0, 'Church member', 'F', 1, 'Thị Thu Hường', 'Nguyễn', 0),
(56, 'Thị Thu Hường Nguyễn', 27, 'Từ Việt Nam - Vietnam', 'baomy060614@gmail.com', '+84902332217', '2016-08-20 00:22:37', 0, 0, '', '400', 'CGKGL/62D8CAF0', 0, 'Hội viên Hội thánh', 'F', 0, 'Thị Thu Hường', 'Nguyễn', 0),
(57, 'Tuyen Pham', 47, 'Hội Thánh Cộng Đồng Nếp Sống Mới (Bap) NSW', 'sarahtran643@gmail.com', '+61411414863', '2016-08-21 10:55:13', 1, 0, '', '425', '5FQWE/BF155D6F', 0, 'Hội viên Hội thánh', 'F', 0, 'Tuyen', 'Pham', 0),
(58, 'cuong phu nguyen', 33, 'Hội Thánh Tin Lành Salisbury (VECA) SA', 'vncuong1983@yahoo.com.au', '+61431675184', '2016-08-28 17:50:11', 1, 0, '', '425', '01RZV/7B3C9D2D', 0, 'Chấp sự', 'M', 0, 'cuong phu', 'nguyen', 0),
(59, 'David Do', 30, 'Hội Thánh Tin Lành Việt Nam Nam Úc (VECA) SA', 'doydy001@gmail.com', '+61421696708', '2016-08-28 20:18:04', 0, 0, '', '400', 'O4F3L/A5C85584', 0, 'Church member', 'M', 0, 'David', 'Do', 0),
(60, 'Dinh Tien Nguyen', 54, 'Từ Việt Nam - Vietnam', 'hoa1a@yahoo.com.au', '+84903771554', '2016-08-28 20:26:27', 0, 0, '', '400', 'LLCJ2/C538E1D3', 0, 'Chấp sự', 'M', 0, 'Dinh Tien', 'Nguyen', 0),
(61, 'QUANG MINH HỒ', 60, 'Hội Thánh Tin Lành Báp-tít Reservoir (Bap) VIC', 'ruthvntruong@gmail.com', '+61439001891', '2016-08-28 20:53:43', 0, 0, '', '400', 'O34YC/2B75A475', 0, 'Deacon', 'M', 0, 'QUANG MINH', 'HỒ', 0),
(62, 'TRUNG TÍN VÕ', 49, 'Hội Thánh Tin Lành Báp-tít Reservoir (Bap) VIC', 'ruthvntruong@gmail.com', '+61439001891', '2016-08-28 21:02:05', 0, 0, '', '400', 'COJMH/4AD0A3D6', 0, 'Church member', 'M', 0, 'TRUNG TÍN', 'VÕ', 0),
(63, 'LIỄU STEINMAN', 57, 'Hội Thánh Tin Lành Báp-tít Reservoir (Bap) VIC', 'ruthvntruong@gmail.com', '+61439001891', '2016-08-28 21:06:06', 0, 0, '', '400', '9YEBD/59E52A74', 0, 'Church member', 'F', 0, 'LIỄU', 'STEINMAN', 0),
(64, 'LỘC VÕ', 67, 'Hội Thánh Tin Lành Báp-tít Reservoir (Bap) VIC', 'ruthvntruong@gmail.com', '+61439001891', '2016-08-28 21:12:19', 0, 0, '', '350', 'P6W84/71327A4D', 0, 'Church member', 'M', 0, 'LỘC', 'VÕ', 0),
(65, 'PHƯỚC LÂM', 56, 'Hội Thánh Tin Lành Báp-tít Reservoir (Bap) VIC', 'ruthvntruong@gmail.com', '+61439001891', '2016-08-28 21:16:52', 0, 0, '', '400', 'EGR03/82469B8F', 0, 'Church member', 'M', 0, 'PHƯỚC', 'LÂM', 0),
(66, 'STEVEN MACH', 63, 'Hội Thánh Tin Lành Báp-tít Reservoir (Bap) VIC', 'ruthvntruong@gmail.com', '+61439001891', '2016-08-28 21:43:32', 0, 0, '', '400', '2SUCO/E64BA6CA', 0, 'Church member', 'M', 0, 'STEVEN', 'MACH', 0),
(67, 'THUẬN TRỊNH', 51, 'Hội Thánh Tin Lành Báp-tít Reservoir (Bap) VIC', 'ruthvntruong@gmail.com', '+61439001891', '2016-08-28 22:00:47', 0, 0, '', '400', 'HN612/26F969F8', 0, 'Pastor', 'M', 0, 'THUẬN', 'TRỊNH', 0),
(68, 'CHÍ ANH LA', 38, 'Hội Thánh Tin Lành Báp-tít Reservoir (Bap) VIC', 'ruthvntruong@gmail.com', '+61439001891', '2016-08-28 22:06:24', 0, 0, '', '400', '1XYVL/3C01E63E', 0, 'Church member', 'F', 0, 'CHÍ ANH', 'LA', 0),
(69, 'VINH HỒNG', 51, 'Hội Thánh Tin Lành Báp-tít Reservoir (Bap) VIC', 'ruthvntruong@gmail.com', '+61439001891', '2016-08-28 22:14:56', 0, 0, '', '400', 'ENRJ9/5C0EBC09', 0, 'Church member', 'M', 0, 'VINH', 'HỒNG', 0),
(70, 'PHƯỚC TRẦN', 57, 'Hội Thánh Tin Lành Báp-tít Reservoir (Bap) VIC', 'ruthvntruong@gmail.com', '+61439001891', '2016-08-28 22:18:54', 0, 0, '', '400', '6P7HC/6AE4B053', 0, 'Church member', 'M', 0, 'PHƯỚC', 'TRẦN', 0),
(71, 'CHÂU ĐOÀN', 76, 'Hội Thánh Tin Lành Báp-tít Reservoir (Bap) VIC', 'ruthvntruong@gmail.com', '+61439001891', '2016-08-28 22:26:05', 0, 0, '', '350', 'FHMO4/85DE6201', 0, 'Church member', 'M', 0, 'CHÂU', 'ĐOÀN', 0),
(72, 'NHUNG NGUYỄN', 51, 'Hội Thánh Tin Lành Báp-tít Reservoir (Bap) VIC', 'ruthvntruong@gmail.com', '+61439001891', '2016-08-28 22:31:11', 0, 0, '', '400', 'GFDPK/98F7C6CB', 0, 'Church member', 'F', 0, 'NHUNG', 'NGUYỄN', 0),
(73, 'KIẾM HUỲNH', 51, 'Hội Thánh Tin Lành Báp-tít Reservoir (Bap) VIC', 'ruthvntruong@gmail.com', '+61439001891', '2016-08-28 22:38:10', 0, 0, '', '400', 'PAAAY/B3262402', 0, 'Church member', 'M', 0, 'KIẾM', 'HUỲNH', 0),
(74, 'LỊCH TRƯƠNG', 47, 'Hội Thánh Tin Lành Báp-tít Reservoir (Bap) VIC', 'ruthvntruong@gmail.com', '+61439001891', '2016-08-28 22:47:18', 0, 0, '', '400', 'M0FFJ/D564FE8E', 0, 'Pastor', 'M', 0, 'LỊCH', 'TRƯƠNG', 0),
(75, 'STEPHANIE HỒ', 20, 'Hội Thánh Tin Lành Báp-tít Reservoir (Bap) VIC', 'ruthvntruong@gmail.com', '+61439001891', '2016-08-28 22:51:57', 0, 0, '', '400', '0EKJY/E6D88CB1', 0, 'Church member', 'F', 0, 'STEPHANIE', 'HỒ', 0),
(76, 'Thị Thanh Huyền Nguyễn', 31, 'Từ Việt Nam - Vietnam', 'ntth19851985@gmail.com', '+84922901112', '2016-08-28 23:32:10', 0, 0, '', '400', 'J825Y/7DA475D1', 0, 'Thân hữu', 'F', 1, 'Thị Thanh Huyền', 'Nguyễn', 0),
(77, 'Son Chau', 38, 'Hội Thánh Nguồn An Bình (IND) VIC', 'sonchau24@yahoo.com', '+61431648983', '2016-08-29 11:25:10', 0, 0, '', '400', '71VL8/EF647714', 0, 'Hội viên Hội thánh', 'M', 0, 'Son', 'Chau', 0),
(78, 'Thị Hường Nguyễn', 63, 'Từ Việt Nam - Vietnam', 'nth070453@gmail.com', '+841207596690', '2016-08-29 22:06:39', 1, 0, '', '425', 'L0U2G/54F2C53E', 0, 'Hội viên Hội thánh', 'F', 0, 'Thị Hường', 'Nguyễn', 0),
(79, 'Thiện Vũ lê', 36, 'Từ Việt Nam - Vietnam', 'hhan20172017@gmail.com', '+841286043828', '2016-08-30 00:25:43', 0, 0, '', '400', 'BJ7ZP/5E7725B7', 0, 'Thân hữu', 'M', 0, 'Thiện Vũ', 'lê', 0),
(80, 'Chuong Nguyen', 26, 'Từ Việt Nam - Vietnam', 'chuongzx@gmail.com', '+84919559923', '2016-08-30 14:17:56', 0, 0, '', '400', 'YE7DQ/8F4BA975', 0, 'Hội viên Hội thánh', 'M', 0, 'Chuong', 'Nguyen', 0),
(81, 'HONG THI NGUYEN', 61, 'Hội Thánh Tin Lành Báp-tít Reservoir (Bap) VIC', 'ruthvntruong@gmail.com', '+61439001891', '2016-08-30 19:59:57', 0, 0, '', '400', 'R5DSY/91D8797C', 0, 'Deacon', 'F', 0, 'HONG THI', 'NGUYEN', 0),
(82, 'HÒANG QUANG TẠ', 48, 'Hội Thánh Tin Lành Báp-tít Reservoir (Bap) VIC', 'ruthvntruong@gmail.com', '+61439001891', '2016-08-30 20:17:22', 0, 0, '', '400', 'CRJ42/D32E2257', 0, 'Deacon', 'M', 0, 'HÒANG QUANG', 'TẠ', 0),
(83, 'TÍN THANH NGUYỄN', 54, 'Hội Thánh Tin Lành Báp-tít Reservoir (Bap) VIC', 'ruthvntruong@gmail.com', '+61439001891', '2016-08-30 23:31:56', 0, 0, '', '400', 'RB32D/ACCBAE63', 0, 'Church member', 'M', 0, 'TÍN THANH', 'NGUYỄN', 0),
(84, 'Văn Tuấn Hoàng', 26, 'Từ Việt Nam - Vietnam', 'lydialanhoang@gmail.com', '+84973567488', '2016-09-01 12:47:31', 1, 0, '', '425', 'QTPSO/6C3D1448', 0, 'Church member', 'M', 0, 'Văn Tuấn', 'Hoàng', 0),
(85, 'Thị Kim Huyền Nguyễn', 33, 'Từ Việt Nam - Vietnam', 'nth19561956@gmail.com', '+84932053211', '2016-09-01 14:16:00', 0, 0, '', '400', 'W3V1D/B8019D6B', 0, 'Thân hữu', 'F', 0, 'Thị Kim Huyền', 'Nguyễn', 0),
(86, 'Thị Kim Huyền NGô', 33, 'Từ Việt Nam - Vietnam', 'nth19561956@gmail.com', '+84932053211', '2016-09-01 14:28:12', 0, 0, '', '400', 'E164Y/E5C459B0', 0, 'Thân hữu', 'F', 0, 'Thị Kim Huyền', 'NGô', 0),
(87, 'Minh Dũng Nguyễn', 55, 'Hội Thánh Tin Lành Việt Nam Nam Úc (VECA) SA', 'ngmdung@hotmail.com', '+61419810282', '2016-09-04 00:05:20', 0, 0, '', '400', 'HX3ME/8A0B1264', 0, 'Chấp sự', 'M', 0, 'Minh Dũng', 'Nguyễn', 0),
(88, 'Văn Quân Trương', 29, 'Từ Việt Nam - Vietnam', 'lydialanhoang@gmail.com', '+84931509997', '2016-09-07 09:52:00', 1, 0, '', '425', 'VTSKO/6A014350', 0, 'Church member', 'M', 0, 'Văn Quân', 'Trương', 0),
(89, 'Thi Hue Ngo', 46, 'Hội Thánh Tin Lành Bình An (Bap) NSW', 'hoanguyen.HN98@gmail.com', '+61449088998', '2016-09-07 12:30:56', 0, 0, '', '400', 'APMG1/BE0C84CA', 0, 'Chấp sự', 'F', 0, 'Thi Hue', 'Ngo', 0),
(90, 'Thi Ngọc Suong Phan', 52, 'Hội Thánh Tin Lành Bình An (Bap) NSW', 'hoanguyen.HN98@gmail.com', '+61449868488', '2016-09-07 12:34:53', 0, 0, '', '400', 'JPV1Y/CCDC4B3E', 0, 'Hội viên Hội thánh', 'F', 0, 'Thi Ngọc Suong', 'Phan', 0),
(91, 'Thi Hoa Huong Nguyen', 30, 'Hội Thánh Tin Lành Bình An (Bap) NSW', 'hoanguyen.HN98@gmail.com', '+61414148989', '2016-09-07 12:48:31', 1, 0, 'Sydney to Tullamarine Intl Airport Melbourne\n12m -  1:35pm\nVirgin Australia International Flight 838', '425', 'IPWMQ/FFF1C5F0', 0, 'Hội viên Hội thánh', 'F', 0, 'Thi Hoa Huong', 'Nguyen', 0),
(92, 'Thị Hoa Hường Nguyễn', 30, 'Hội Thánh Tin Lành Bình An (Bap) NSW', 'hoanguyen.hn98@gmail.com', '+61414148989', '2016-09-07 16:13:44', 1, 0, 'Sydney to Tullamarine Intl Airport Melbourne\n12pm - 1:35pm\nVirgin Australia Intl Flight 838', '425', '4Z61D/0182451F', 0, 'Hội viên Hội thánh', 'F', 0, 'Thị Hoa Hường', 'Nguyễn', 0),
(93, 'Ho Nguyen Kha', 36, 'Từ Việt Nam - Vietnam', 'hnkvn@yahoo.com', '+84913821603', '2016-09-08 11:35:32', 0, 0, '', '400', '26CJH/0646DF5D', 0, 'Pastor', 'M', 0, 'Ho', 'Nguyen Kha', 0),
(94, 'THI TUYET MAI NGO', 60, 'Từ Việt Nam - Vietnam', 'mercygroupvn@gmail.com', '+84902469490', '2016-09-09 14:30:19', 0, 0, '', '400', 'XJ7Q9/ADB1050C', 0, 'Church member', 'F', 0, 'THI TUYET MAI', 'NGO', 0),
(95, 'Hai Tran', 39, 'Từ Việt Nam - Vietnam', 'jason.pham17@yahoo.com.au', '+61403919417', '2016-09-09 14:51:59', 0, 0, '', '400', 'FMNA8/FEF30935', 0, 'Church member', 'M', 0, 'Hai', 'Tran', 0),
(96, 'Nhung Nguyen', 47, 'Hội Thánh Tin Lành Việt Nam Nam Úc (VECA) SA', 'nhungselina@yahoo.com.au', '+61424013254', '2016-09-09 23:39:17', 0, 0, '', '400', 'R3Y2Q/B85E2BB9', 0, 'Church member', 'F', 0, 'Nhung', 'Nguyen', 0),
(97, 'Le son  Thi Tock LE', 54, 'Từ Việt Nam - Vietnam', 'kimchau188@gmail.com', '+61432187624', '2016-09-10 02:30:55', 0, 0, '', '400', 'FL1Q4/3BFE5396', 0, 'Truyền đạo', 'F', 1, 'Le son  Thi Tock', 'LE', 0),
(98, 'Le son thi Tock', 54, 'Từ Việt Nam - Vietnam', 'kimchau188@gmail.com', '+61432187624', '2016-09-10 02:52:57', 0, 0, '', '400', 'LFD3J/8E9BC31B', 0, 'Truyền đạo', 'F', 0, 'Le son thi', 'Tock', 0),
(99, 'MY NGUYEN', 42, 'Hội Thánh Tin Lành Việt Nam Nam Úc (VECA) SA', 'hoamy25@gmail.com', '+61421064975', '2016-09-10 22:31:52', 0, 0, 'No air beds please. thanks', '400', 'MGHQH/D382D552', 0, 'Church member', 'F', 0, 'MY', 'NGUYEN', 0),
(100, 'HUE PHAN', 45, 'Hội Thánh Tin Lành Việt Nam Nam Úc (VECA) SA', 'hoamy25@gmail.com', '+61422443874', '2016-09-10 22:43:55', 0, 0, 'No air beds please. thanks', '400', 'GRSDV/00BACFE6', 0, 'Church member', 'F', 0, 'HUE', 'PHAN', 0),
(101, 'Kim Loan Thị Lê', 48, 'Hội Thánh Tin Lành Bình An (Bap) NSW', 'hoanguyen.hn98@gmail.com', '+61420234848', '2016-09-11 13:36:20', 1, 0, '', '425', '8Z74B/134AFB31', 0, 'Hội viên Hội thánh', 'F', 0, 'Kim Loan Thị', 'Lê', 0),
(102, 'Thu-Vân Đặng Nguyễn', 48, 'Từ Châu Mỹ - Americas', 'khanh.thuvan@gmail.com', '+13165164804', '2016-09-12 19:07:27', 1, 0, 'thông tin chuyến bay sẽ được cung cấp sau', '425', 'L611Y/04FC787C', 0, 'Truyền đạo', 'F', 0, 'Thu-Vân Đặng', 'Nguyễn', 0),
(103, 'Hang Nguyen', 51, 'Hội Thánh Tin Lành Việt Nam Nam Úc (VECA) SA', 'hangthinguyen@live.com.au', '+61410599721', '2016-09-13 12:57:21', 1, 0, 'Please pick all of us from Tullamarine air port at 0900 on 27/12/16. Our flight QF 670 arrive Melbourne at 7:50 am\nAnd  return us to air port on 31/12/16  at 12:00 pm thanks', '425', 'FBC9U/B1151E57', 0, 'Chấp sự', 'F', 0, 'Hang', 'Nguyen', 0),
(104, 'Thị Hoa Hường Nguyễn', 30, 'Hội Thánh Tin Lành Bình An (Bap) NSW', 'hoahuong.hn98@gmail.com', '+61420234848', '2016-09-14 12:17:15', 1, 0, 'Sydney to Tullamarine Intl Airport Melbourne 12pm - 1:35pm\nVirgin Australia 871', '425', 'DGUCC/32BB25F5', 0, 'Church member', 'F', 0, 'Thị Hoa Hường', 'Nguyễn', 0),
(105, 'Tien Quang Do', 29, 'Từ Việt Nam - Vietnam', 'quangqng2003@yahoo.com', '+84908556264', '2016-09-14 21:01:06', 0, 0, '', '400', 'VLMJW/DF2DA971', 0, 'Hội viên Hội thánh', 'M', 0, 'Tien Quang', 'Do', 0),
(106, 'Trần Thị Nhã Vy', 35, 'Từ Việt Nam - Vietnam', 'hoithanhvietnaminlao@gmail.com', '+84937565337', '2016-09-15 02:32:16', 1, 0, '', '375', 'IJX28/B90606DD', 0, 'Hội viên Hội thánh', 'F', 0, 'Trần Thị', 'Nhã Vy', 1),
(107, 'Hanh Ngo', 40, 'Hội Thánh Tin Lành Việt Nam Nam Úc (VECA) SA', 'hanhice@gmail.com', '+61434103736', '2016-09-15 13:56:03', 0, 0, 'no nut - food allergy (anaphylactic reaction)', '400', 'P1LJN/BD397D4E', 0, 'Church member', 'F', 0, 'Hanh', 'Ngo', 0);

-- --------------------------------------------------------

--
-- Table structure for table `Note`
--

CREATE TABLE IF NOT EXISTS `Note` (
  `NoteId` int(4) NOT NULL AUTO_INCREMENT,
  `Notes` varchar(1000) COLLATE utf8_unicode_ci NOT NULL,
  `MainContactId` int(4) NOT NULL,
  `DateTimeEntered` datetime NOT NULL DEFAULT CURRENT_TIMESTAMP,
  PRIMARY KEY (`NoteId`)
) ENGINE=InnoDB  DEFAULT CHARSET=utf8 COLLATE=utf8_unicode_ci AUTO_INCREMENT=19 ;

--
-- Dumping data for table `Note`
--

INSERT INTO `Note` (`NoteId`, `Notes`, `MainContactId`, `DateTimeEntered`) VALUES
(1, 'test1', 3, '2016-05-21 18:50:32'),
(2, 'SMS sent to +61403478387', 3, '2016-05-21 18:54:16'),
(3, 'SMS sent to +61403478387', 3, '2016-05-21 18:57:13'),
(4, 'SMS sent to +61403478387', 3, '2016-05-21 18:59:41'),
(5, 'SMS sent to +61434343600', 1, '2016-05-22 16:56:45'),
(6, 'SMS sent to +61403478387', 3, '2016-05-23 11:29:28'),
(7, 'SMS sent to +61403478387', 3, '2016-05-27 12:00:17'),
(8, 'Thi Hoa Lan Nguyễn fee has been upated to 425 as she is 33yo and not eligible for family discount', 12, '2016-06-03 09:57:52'),
(9, 'xin sap xep o chung voi HT Binh An Sydney', 8, '2016-06-22 21:51:24'),
(10, 'tam ngung dong tien den thang 9 de sap xep cong viec', 13, '2016-06-22 22:14:45'),
(11, 'test', 31, '2016-07-19 12:10:21'),
(12, 'test by kyle', 34, '2016-08-03 16:44:23'),
(13, 'testing', 33, '2016-08-03 16:44:56'),
(14, 'test', 35, '2016-08-03 22:37:58'),
(15, 'test', 35, '2016-08-03 22:38:01'),
(16, 'Xin sắp chỗ ở cho &ocirc;ng Nguyễn Văn B&ocirc;ng v&agrave; b&agrave; Phạm Bạch Tuyết gần ph&ograve;ng nh&oacute;m v&agrave; ph&ograve;ng ăn để tiện việc đi lại', 4, '2016-08-11 16:35:21'),
(17, 'ME RCPT: GCXTWJMM', 37, '2016-09-13 14:42:07'),
(18, 'SMS sent to +61403478387', 35, '2016-09-15 20:35:45');

-- --------------------------------------------------------

--
-- Table structure for table `Payment`
--

CREATE TABLE IF NOT EXISTS `Payment` (
  `PaymentId` int(11) NOT NULL AUTO_INCREMENT,
  `PaidAmount` decimal(10,0) NOT NULL DEFAULT '0',
  `PaidDate` datetime NOT NULL,
  `DateEntered` datetime NOT NULL DEFAULT CURRENT_TIMESTAMP,
  `Notes` varchar(100) COLLATE utf8_unicode_ci DEFAULT NULL,
  `MainContactId` int(11) NOT NULL,
  PRIMARY KEY (`PaymentId`)
) ENGINE=InnoDB  DEFAULT CHARSET=utf8 COLLATE=utf8_unicode_ci AUTO_INCREMENT=36 ;

--
-- Dumping data for table `Payment`
--

INSERT INTO `Payment` (`PaymentId`, `PaidAmount`, `PaidDate`, `DateEntered`, `Notes`, `MainContactId`) VALUES
(1, '1150', '0000-00-00 00:00:00', '2016-05-20 10:25:51', 'test payment', 3),
(2, '-50', '0000-00-00 00:00:00', '2016-05-20 10:27:50', '', 3),
(3, '50', '0000-00-00 00:00:00', '2016-05-20 10:31:01', '', 3),
(4, '1150', '0000-00-00 00:00:00', '2016-05-22 16:49:24', '', 1),
(5, '2025', '0000-00-00 00:00:00', '2016-05-30 20:29:36', '', 4),
(6, '400', '0000-00-00 00:00:00', '2016-05-30 20:30:40', '', 7),
(7, '800', '0000-00-00 00:00:00', '2016-06-02 16:02:44', '', 8),
(8, '2000', '0000-00-00 00:00:00', '2016-06-28 21:06:35', '', 18),
(9, '700', '0000-00-00 00:00:00', '2016-06-30 19:10:42', '', 23),
(10, '1420', '0000-00-00 00:00:00', '2016-06-30 19:11:57', '', 20),
(11, '800', '0000-00-00 00:00:00', '2016-06-30 19:12:32', '', 14),
(12, '1175', '0000-00-00 00:00:00', '2016-07-02 16:03:48', '', 11),
(13, '425', '0000-00-00 00:00:00', '2016-07-08 11:38:39', '', 2),
(14, '350', '0000-00-00 00:00:00', '2016-07-08 11:39:10', '', 26),
(15, '850', '0000-00-00 00:00:00', '2016-08-11 16:29:30', '', 30),
(16, '400', '0000-00-00 00:00:00', '2016-08-11 16:29:55', '', 32),
(17, '425', '0000-00-00 00:00:00', '2016-08-11 16:31:00', '', 5),
(18, '425', '0000-00-00 00:00:00', '2016-08-11 17:09:28', '', 28),
(19, '425', '0000-00-00 00:00:00', '2016-08-11 17:10:02', '', 29),
(20, '425', '0000-00-00 00:00:00', '2016-08-22 23:47:18', '', 44),
(21, '400', '0000-00-00 00:00:00', '2016-08-22 23:48:31', '', 38),
(22, '400', '0000-00-00 00:00:00', '2016-08-22 23:50:38', '', 56),
(23, '400', '0000-00-00 00:00:00', '2016-09-02 15:59:17', '', 76),
(24, '400', '0000-00-00 00:00:00', '2016-09-02 16:04:23', '', 79),
(25, '2320', '0000-00-00 00:00:00', '2016-09-06 21:03:44', '', 39),
(26, '400', '0000-00-00 00:00:00', '2016-09-06 21:04:24', '', 59),
(27, '425', '0000-00-00 00:00:00', '2016-09-06 21:05:03', '', 84),
(28, '1200', '0000-00-00 00:00:00', '2016-09-11 21:50:46', '', 87),
(29, '425', '0000-00-00 00:00:00', '2016-09-11 21:58:35', '', 88),
(30, '25', '0000-00-00 00:00:00', '2016-09-11 22:00:04', '', 1),
(31, '400', '0000-00-00 00:00:00', '2016-09-13 22:13:56', '', 22),
(32, '400', '0000-00-00 00:00:00', '2016-09-13 22:14:23', '', 86),
(33, '425', '0000-00-00 00:00:00', '2016-09-15 13:12:39', '', 101),
(34, '350', '0000-00-00 00:00:00', '2016-09-15 13:25:40', '', 37),
(35, '400', '0000-00-00 00:00:00', '2016-09-15 13:26:00', '', 95);

-- --------------------------------------------------------

--
-- Table structure for table `Registrant`
--

CREATE TABLE IF NOT EXISTS `Registrant` (
  `RegistrantId` int(4) NOT NULL AUTO_INCREMENT,
  `MainContactId` int(4) NOT NULL,
  `FullName` varchar(100) COLLATE utf8_unicode_ci NOT NULL,
  `Age` int(4) NOT NULL,
  `Relation` varchar(50) COLLATE utf8_unicode_ci NOT NULL,
  `FamilyDiscount` varchar(100) COLLATE utf8_unicode_ci NOT NULL,
  `Airbed` tinyint(1) NOT NULL DEFAULT '0',
  `AirportTransfer` tinyint(1) NOT NULL DEFAULT '0',
  `Fee` decimal(4,0) DEFAULT '0',
  `CheckedIn` tinyint(1) NOT NULL DEFAULT '0',
  `Gender` varchar(1) COLLATE utf8_unicode_ci NOT NULL DEFAULT '',
  `Role` varchar(50) COLLATE utf8_unicode_ci NOT NULL DEFAULT '',
  `Cancelled` tinyint(1) NOT NULL DEFAULT '0',
  `Firstname` varchar(50) COLLATE utf8_unicode_ci DEFAULT NULL,
  `Surname` varchar(50) COLLATE utf8_unicode_ci DEFAULT NULL,
  `Pensioner` tinyint(1) NOT NULL DEFAULT '0',
  PRIMARY KEY (`RegistrantId`)
) ENGINE=InnoDB  DEFAULT CHARSET=utf8 COLLATE=utf8_unicode_ci AUTO_INCREMENT=146 ;

--
-- Dumping data for table `Registrant`
--

INSERT INTO `Registrant` (`RegistrantId`, `MainContactId`, `FullName`, `Age`, `Relation`, `FamilyDiscount`, `Airbed`, `AirportTransfer`, `Fee`, `CheckedIn`, `Gender`, `Role`, `Cancelled`, `Firstname`, `Surname`, `Pensioner`) VALUES
(1, 1, 'Thanh Tòng Nguyễn', 55, 'Husband', '-', 0, 0, '400', 0, 'M', 'Hội viên Hội thánh', 0, 'Thanh Tòng', 'Nguyễn', 0),
(2, 1, 'Nguyệt Hồng Huỳnh', 63, 'Relative', '-', 0, 1, '375', 0, 'F', 'Hội viên Hội thánh', 0, 'Nguyệt Hồng', 'Huỳnh', 1),
(3, 3, 'Dinesh Se', 40, 'Friend', '-', 0, 0, '350', 0, 'M', 'Guest', 0, 'Dinesh', 'Se', 1),
(4, 3, 'Sandy F', 37, 'Friend', '-', 0, 0, '400', 0, 'M', 'Guest', 1, 'Sandy', 'F', 0),
(5, 4, 'Nga Thị Tuyết Nguyễn', 55, 'Wife', '-', 0, 1, '425', 0, 'F', 'Church member', 0, 'Nga Thị Tuyết', 'Nguyễn', 0),
(6, 4, 'Văn Bông Nguyễn', 79, 'Friend', '-', 0, 1, '375', 0, 'M', 'Church member', 0, 'Văn Bông', 'Nguyễn', 1),
(7, 4, 'Bạch Tuyết Nguyễn', 77, 'Friend', '-', 0, 1, '375', 0, 'F', 'Church member', 0, 'Bạch Tuyết', 'Nguyễn', 1),
(8, 4, 'Kim Loan Trần', 50, 'Friend', '-', 0, 1, '425', 0, 'F', 'Church member', 0, 'Kim Loan', 'Trần', 0),
(9, 8, 'Thanh Thuy Vo', 54, 'Relative', '-', 0, 0, '400', 0, 'F', 'Hội viên Hội thánh', 0, 'Thanh Thuy', 'Vo', 0),
(10, 11, 'Thị Em Đặng', 65, 'Wife', '-', 0, 1, '375', 0, 'F', 'Pastor', 0, 'Thị Em', 'Đặng', 1),
(11, 11, 'Thị Bích Châu Nguyễn', 54, 'Relative', '-', 0, 1, '425', 0, 'F', 'Chấp sự', 0, 'Thị Bích Châu', 'Nguyễn', 0),
(12, 12, 'Thị Hoa Hường Nguyễn', 30, 'Daughter', '-', 0, 1, '375', 0, 'F', 'Chấp sự', 0, 'Thị Hoa Hường', 'Nguyễn', 1),
(13, 12, 'Thi Hoa Lan Nguyễn', 33, 'Daughter', '2nd child over 5yo', 0, 1, '425', 0, 'F', 'Hội viên Hội thánh', 0, 'Thi Hoa Lan', 'Nguyễn', 0),
(14, 12, 'Martin Nguyên Dương', 2, 'Relative', '-', 0, 1, '75', 0, 'M', 'Hội viên Hội thánh', 0, 'Martin Nguyên', 'Dương', 0),
(15, 13, 'Cynthie Nguyen', 58, 'Friend', '-', 0, 1, '425', 0, 'F', '', 0, 'Cynthie', 'Nguyen', 0),
(16, 14, 'Thi Kim Hoa Nguyễn', 65, 'Friend', '-', 0, 1, '375', 0, 'F', 'Hội viên Hội thánh', 0, 'Thi Kim Hoa', 'Nguyễn', 1),
(17, 15, 'thị bích trâm nguyễn', 32, 'Daughter', '-', 0, 0, '400', 0, 'F', 'Thân hữu', 1, 'thị bích trâm', 'nguyễn', 0),
(18, 15, 'thị bích huyền nguyễn', 30, 'Daughter', '-', 0, 0, '400', 0, 'F', 'Thân hữu', 1, 'thị bích huyền', 'nguyễn', 0),
(19, 15, 'thị hoa nguyễn', 60, '-', '-', 0, 1, '425', 0, 'F', 'Thân hữu', 1, 'thị hoa', 'nguyễn', 0),
(20, 15, 'thị kim hằng nguyễn', 49, '-', '-', 0, 1, '425', 0, 'F', 'Thân hữu', 1, 'thị kim hằng', 'nguyễn', 0),
(21, 18, 'Thị Bích Trâm Nguyễn', 32, 'Daughter', '-', 0, 0, '400', 0, 'F', 'Thân hữu', 0, 'Thị Bích Trâm', 'Nguyễn', 0),
(22, 18, 'thị bích huyền nguyễn', 30, 'Daughter', '-', 0, 0, '400', 0, 'F', 'Thân hữu', 0, 'thị bích huyền', 'nguyễn', 0),
(23, 18, 'thị hoa nguyễn', 60, 'Relative', '-', 0, 0, '400', 0, 'F', 'Thân hữu', 0, 'thị hoa', 'nguyễn', 0),
(24, 18, 'thị kim hằng nguyễn', 49, 'Relative', '-', 0, 0, '400', 0, 'F', 'Thân hữu', 0, 'thị kim hằng', 'nguyễn', 0),
(25, 19, 'Hong Nguyen', 40, 'Wife', '-', 0, 0, '400', 0, 'F', 'Hội viên Hội thánh', 1, 'Hong', 'Nguyen', 0),
(26, 19, 'Thao Luu', 15, '-', '-', 0, 0, '400', 0, '', '', 1, 'Thao', 'Luu', 0),
(27, 20, 'Hong Nguyen', 40, 'Wife', '-', 0, 0, '400', 0, 'F', 'Hội viên Hội thánh', 0, 'Hong', 'Nguyen', 0),
(28, 20, 'Thao Luu', 15, 'Daughter', '-', 0, 0, '400', 0, 'F', 'Hội viên Hội thánh', 0, 'Thao', 'Luu', 0),
(29, 20, 'Phi Luu', 8, 'Son', '2nd child over 5yo', 0, 0, '220', 0, 'M', 'Hội viên Hội thánh', 0, 'Phi', 'Luu', 0),
(30, 23, 'Yến Phạm', 65, 'Wife', '-', 0, 0, '350', 0, 'M', '', 0, 'Yến', 'Phạm', 0),
(32, 27, 'Katrina Khanh Nguyen', 14, '-', '-', 0, 0, '400', 0, 'F', '', 0, 'Katrina Khanh', 'Nguyen', 0),
(33, 30, 'Nguyễn Thị Xuân Đào Nguyễn', 62, 'Wife', '-', 0, 1, '425', 0, 'F', '', 0, 'Nguyễn Thị Xuân Đào', 'Nguyễn', 0),
(41, 39, 'Nguyễn Xuân Vinh Nguyễn', 33, 'Wife', '-', 0, 0, '400', 0, 'F', '', 0, 'Nguyễn Xuân Vinh', 'Nguyễn', 0),
(42, 39, 'Hứa Thị Đào Hứa', 72, 'Mother', '-', 0, 0, '350', 0, 'F', '', 0, 'Hứa Thị Đào', 'Hứa', 0),
(43, 39, 'Chu Minh Nghi Chu', 9, 'Daughter', '-', 0, 0, '320', 0, 'F', '', 0, 'Chu Minh Nghi', 'Chu', 0),
(44, 39, 'Chu Minh Khuê Chu', 5, 'Daughter', '2nd child 5yo or under', 0, 0, '0', 0, 'F', '', 0, 'Chu Minh Khuê', 'Chu', 0),
(45, 39, 'Nguyễn Đức Thắng Nguyễn', 39, 'Husband', '-', 0, 0, '400', 0, 'M', '', 0, 'Nguyễn Đức Thắng', 'Nguyễn', 0),
(46, 39, 'Huỳnh Thị Tâm An Huỳnh', 33, 'Wife', '-', 0, 0, '400', 0, 'F', '', 0, 'Huỳnh Thị Tâm An', 'Huỳnh', 0),
(47, 39, 'Nguyễn Huỳnh Minh Khôi Nguyễn', 4, 'Son', '-', 0, 0, '50', 0, 'M', '', 0, 'Nguyễn Huỳnh Minh Khôi', 'Nguyễn', 0),
(48, 39, 'Nguyễn Huỳnh Minh Khang Nguyễn', 2, 'Son', '2nd child 5yo or under', 0, 0, '0', 0, 'M', '', 0, 'Nguyễn Huỳnh Minh Khang', 'Nguyễn', 0),
(49, 40, 'CATRIONA MACH', 19, 'Daughter', '-', 0, 0, '400', 0, 'F', '', 0, 'CATRIONA', 'MACH', 0),
(50, 41, 'MINH THI NGUYEN', 52, 'Wife', '-', 0, 0, '400', 0, 'F', '', 0, 'MINH THI', 'NGUYEN', 0),
(51, 41, 'PHILIP NGUYEN', 21, 'Son', '-', 0, 0, '400', 0, 'M', '', 0, 'PHILIP', 'NGUYEN', 0),
(52, 42, 'JENNY LU', 24, 'Daughter', '-', 0, 0, '400', 0, 'F', 'Hội viên Hội thánh', 0, 'JENNY', 'LU', 0),
(53, 42, 'JONATHAN LU', 21, 'Son', '2nd child over 5yo', 0, 0, '300', 0, 'M', 'Hội viên Hội thánh', 0, 'JONATHAN', 'LU', 0),
(54, 42, 'DAMON LU', 19, 'Son', '2nd child over 5yo', 0, 0, '300', 0, 'M', 'Hội viên Hội thánh', 0, 'DAMON', 'LU', 0),
(55, 43, 'VĂN ĐINH', 27, 'Son', '-', 0, 0, '400', 0, 'M', 'Chấp sự', 0, 'VĂN', 'ĐINH', 0),
(56, 43, 'NAM ĐINH', 23, 'Son', '-', 0, 0, '400', 0, 'M', '', 0, 'NAM', 'ĐINH', 0),
(57, 45, 'Thị Xuân Hoa Nguyễn', 60, 'Wife', '-', 0, 0, '400', 0, 'F', '', 0, 'Thị Xuân Hoa', 'Nguyễn', 0),
(58, 54, 'Le PHAM', 55, 'Wife', '-', 0, 0, '400', 0, 'F', 'Church member', 1, 'Le', 'PHAM', 0),
(59, 54, 'Jenny NGUYEN', 17, 'Daughter', '-', 0, 0, '400', 0, 'F', '', 0, 'Jenny', 'NGUYEN', 0),
(60, 57, 'Sarah Tran', 17, 'Daughter', '-', 0, 1, '425', 0, 'F', 'Church member', 0, 'Sarah', 'Tran', 0),
(61, 57, 'Mary Tran', 10, 'Daughter', '-', 0, 1, '345', 0, 'F', 'Church member', 0, 'Mary', 'Tran', 0),
(62, 58, 'minh cuong nguyen', 65, 'Father', '-', 0, 1, '375', 0, 'M', 'Mục sư', 0, 'minh cuong', 'nguyen', 0),
(63, 58, 'Thi Kim Cam Nguyen', 61, 'Wife', '-', 0, 1, '425', 0, 'F', 'Mục sư', 0, 'Thi Kim Cam', 'Nguyen', 0),
(64, 58, 'thi diem tien nguyen', 33, 'Wife', '-', 0, 1, '425', 0, 'M', 'Hội viên Hội thánh', 0, 'thi diem tien', 'nguyen', 0),
(65, 58, 'Lan Huong Ly', 45, 'Friend', '-', 0, 0, '400', 0, 'F', 'Chấp sự', 0, 'Lan Huong', 'Ly', 0),
(66, 58, 'NAM DANG', 17, 'Friend', '-', 0, 0, '400', 0, 'M', 'Hội viên Hội thánh', 0, 'NAM', 'DANG', 0),
(67, 58, 'SON DANG', 6, 'Friend', '-', 0, 0, '320', 0, 'M', 'Hội viên Hội thánh', 0, 'SON', 'DANG', 0),
(68, 58, 'JADE TRAN', 17, 'Relative', '-', 0, 0, '400', 0, 'F', 'Hội viên Hội thánh', 0, 'JADE', 'TRAN', 0),
(69, 58, 'JASMINE TRAN', 11, 'Relative', '-', 0, 0, '320', 0, 'F', 'Hội viên Hội thánh', 0, 'JASMINE', 'TRAN', 0),
(70, 58, 'XUAN VIET TRAN', 45, 'Relative', '-', 0, 0, '400', 0, 'M', 'Hội viên Hội thánh', 0, 'XUAN VIET', 'TRAN', 0),
(71, 58, 'THI PHUONG HOANG NGUYEN', 41, 'Relative', '-', 0, 0, '400', 0, 'F', 'Hội viên Hội thánh', 0, 'THI PHUONG HOANG', 'NGUYEN', 0),
(72, 58, 'THUC ANH BUI', 17, 'Relative', '-', 0, 1, '425', 0, 'F', 'Hội viên Hội thánh', 0, 'THUC ANH', 'BUI', 0),
(73, 58, 'THI ANH LOAN NGO', 42, 'Relative', '-', 0, 1, '425', 0, 'F', 'Chấp sự', 0, 'THI ANH LOAN', 'NGO', 0),
(74, 58, 'ANNE NGUYEN', 1, 'Daughter', '-', 0, 1, '75', 0, 'F', '', 0, 'ANNE', 'NGUYEN', 0),
(75, 61, 'ÁNH TUYẾT ĐỖ', 59, 'Wife', '-', 0, 0, '400', 0, 'F', '', 0, 'ÁNH TUYẾT', 'ĐỖ', 0),
(76, 62, 'NGA LAM', 46, 'Wife', '-', 0, 0, '400', 0, 'F', '', 0, 'NGA', 'LAM', 0),
(77, 62, 'RACHEL VÕ', 14, 'Daughter', '-', 0, 0, '400', 0, 'F', '', 0, 'RACHEL', 'VÕ', 0),
(78, 62, 'MATTHEW VÕ', 13, 'Son', '2nd child over 5yo', 0, 0, '300', 0, 'M', '', 0, 'MATTHEW', 'VÕ', 0),
(79, 64, 'HÀ TRẦN', 65, 'Wife', '-', 0, 0, '350', 0, 'F', '', 0, 'HÀ', 'TRẦN', 1),
(80, 65, 'THỦY NGUYỄN', 58, 'Wife', '-', 0, 0, '400', 0, 'F', '', 0, 'THỦY', 'NGUYỄN', 0),
(81, 65, 'PETER LÂM', 26, 'Son', '-', 0, 0, '400', 0, 'M', '', 0, 'PETER', 'LÂM', 0),
(82, 66, 'HỒNG MACH', 61, 'Wife', '-', 0, 0, '400', 0, 'F', 'Deacon', 0, 'HỒNG', 'MACH', 0),
(83, 66, 'CATRIONA MACH', 19, 'Daughter', '-', 0, 0, '400', 0, 'F', '', 0, 'CATRIONA', 'MACH', 0),
(84, 67, 'THANH TRỊNH', 47, 'Wife', '-', 0, 0, '400', 0, 'F', '', 0, 'THANH', 'TRỊNH', 0),
(85, 67, 'TIMOTHY TRỊNH', 20, 'Son', '-', 0, 0, '400', 0, 'M', '', 0, 'TIMOTHY', 'TRỊNH', 0),
(86, 67, 'TOBY TRỊNH', 17, 'Son', '2nd child over 5yo', 0, 0, '300', 0, 'M', '', 0, 'TOBY', 'TRỊNH', 0),
(87, 67, 'TROY TRỊNH', 11, 'Son', '2nd child over 5yo', 0, 0, '220', 0, 'M', '', 0, 'TROY', 'TRỊNH', 0),
(88, 68, 'HIỆP HUỲNH', 38, 'Wife', '-', 0, 0, '400', 0, 'F', '', 0, 'HIỆP', 'HUỲNH', 0),
(89, 68, 'GIA HUY LA', 6, 'Son', '-', 0, 0, '320', 0, 'M', '', 0, 'GIA HUY', 'LA', 0),
(90, 69, 'MAI TRẦN', 44, 'Wife', '-', 0, 0, '400', 0, 'F', '', 0, 'MAI', 'TRẦN', 0),
(91, 69, 'PHÚ HỒNG', 20, 'Son', '-', 0, 0, '400', 0, 'M', '', 0, 'PHÚ', 'HỒNG', 0),
(92, 69, 'THIÊN KIM HỒNG', 9, 'Daughter', '2nd child over 5yo', 0, 0, '220', 0, 'F', '', 0, 'THIÊN KIM', 'HỒNG', 0),
(93, 70, 'CHÂU HỒNG', 56, 'Wife', '-', 0, 0, '400', 0, 'F', '', 0, 'CHÂU', 'HỒNG', 0),
(94, 71, 'PHI YẾN ĐOÀN', 57, 'Daughter', '-', 0, 0, '400', 0, 'F', '', 0, 'PHI YẾN', 'ĐOÀN', 0),
(95, 71, 'HUÊ LIÊU', 57, 'Son', '-', 0, 0, '400', 0, 'M', '', 0, 'HUÊ', 'LIÊU', 0),
(96, 73, 'LAN CHI THẠCH', 47, 'Wife', '-', 0, 0, '400', 0, 'F', 'Deacon', 0, 'LAN CHI', 'THẠCH', 0),
(97, 73, 'ANDREW HUYNH', 24, 'Son', '-', 0, 0, '400', 0, 'M', '', 0, 'ANDREW', 'HUYNH', 0),
(98, 73, 'JOHNSON HUỲNH', 17, 'Son', '2nd child over 5yo', 0, 0, '300', 0, 'M', '', 0, 'JOHNSON', 'HUỲNH', 0),
(99, 74, 'DUNG NGUYỄN', 42, 'Wife', '-', 0, 0, '400', 0, 'F', '', 0, 'DUNG', 'NGUYỄN', 0),
(100, 74, 'TRÂM TRƯƠNG', 20, 'Daughter', '-', 0, 0, '400', 0, 'F', '', 0, 'TRÂM', 'TRƯƠNG', 0),
(101, 74, 'TRIỀU TRƯƠNG', 12, 'Son', '2nd child over 5yo', 0, 0, '300', 0, 'M', '', 0, 'TRIỀU', 'TRƯƠNG', 0),
(102, 74, 'TRÍ TRƯƠNG', 8, 'Son', '2nd child over 5yo', 0, 0, '220', 0, 'M', '', 0, 'TRÍ', 'TRƯƠNG', 0),
(103, 74, 'LOAN NGUYỄN', 71, 'Mother', '-', 0, 0, '350', 0, 'F', '', 0, 'LOAN', 'NGUYỄN', 1),
(104, 76, 'Thị Bạch Tuyết Nguyễn', 36, 'Relative', '-', 0, 0, '400', 0, 'F', 'Thân hữu', 0, 'Thị Bạch Tuyết', 'Nguyễn', 0),
(105, 77, 'Trang Bui', 37, 'Wife', '-', 0, 0, '400', 0, 'F', '', 0, 'Trang', 'Bui', 0),
(106, 77, 'Jolie Chau', 9, 'Daughter', '-', 0, 0, '320', 0, 'F', '', 0, 'Jolie', 'Chau', 0),
(107, 77, 'Khue Ngo', 80, 'Mother', '-', 0, 0, '350', 0, 'F', '', 0, 'Khue', 'Ngo', 1),
(108, 81, 'steven MACH', 63, 'Husband', '-', 0, 0, '400', 0, 'M', '', 0, 'steven', 'MACH', 0),
(109, 81, 'CATRIONA MACH', 19, 'Daughter', '-', 0, 0, '400', 0, 'F', '', 0, 'CATRIONA', 'MACH', 0),
(110, 82, 'CHÂU KIM TRẦN', 50, 'Wife', '-', 0, 0, '400', 0, 'F', '', 0, 'CHÂU KIM', 'TRẦN', 0),
(111, 82, 'SIMON TRẦN', 16, 'Son', '-', 0, 0, '400', 0, 'M', '', 0, 'SIMON', 'TRẦN', 0),
(112, 82, 'DANIEL TRÀN', 12, 'Son', '2nd child over 5yo', 0, 0, '300', 0, 'M', '', 0, 'DANIEL', 'TRÀN', 0),
(113, 83, 'MINH THỊ NGÔ', 52, 'Wife', '-', 0, 0, '400', 0, 'F', '', 0, 'MINH THỊ', 'NGÔ', 0),
(114, 83, 'PHILIP NGUYỄN', 21, 'Son', '-', 0, 0, '400', 0, 'M', '', 0, 'PHILIP', 'NGUYỄN', 0),
(115, 87, 'Lan Nguyễn', 53, 'Wife', '-', 0, 0, '400', 0, 'F', 'Hội viên Hội thánh', 0, 'Lan', 'Nguyễn', 0),
(116, 87, 'Grace Nguyễn', 20, 'Daughter', '-', 0, 0, '400', 0, 'F', 'Hội viên Hội thánh', 0, 'Grace', 'Nguyễn', 0),
(117, 89, 'Nicole Huyen Tran', 19, 'Daughter', '-', 0, 0, '400', 0, 'F', 'Hội viên Hội thánh', 0, 'Nicole Huyen', 'Tran', 0),
(118, 91, 'Thi My Dung Le', 69, 'Mother', '-', 0, 1, '375', 0, 'F', 'Hội viên Hội thánh', 0, 'Thi My Dung', 'Le', 1),
(119, 91, 'Thi Hoa Lan Nguyen', 33, 'Relative', '-', 0, 1, '425', 0, 'F', 'Hội viên Hội thánh', 0, 'Thi Hoa Lan', 'Nguyen', 0),
(120, 91, 'Martin Nguyen Duong', 2, 'Son', '-', 0, 1, '75', 0, 'M', 'Hội viên Hội thánh', 0, 'Martin Nguyen', 'Duong', 0),
(121, 92, 'Thị Mỹ Dung Lê', 69, 'Mother', '-', 0, 1, '375', 0, 'F', 'Hội viên Hội thánh', 0, 'Thị Mỹ Dung', 'Lê', 1),
(122, 92, 'Thị Hoa Lan Nguyễn', 33, 'Relative', '-', 0, 1, '425', 0, 'F', 'Hội viên Hội thánh', 0, 'Thị Hoa Lan', 'Nguyễn', 0),
(123, 92, 'Martin Nguyên Dương', 2, 'Son', '-', 0, 1, '75', 0, 'M', 'Hội viên Hội thánh', 0, 'Martin Nguyên', 'Dương', 0),
(124, 96, 'Sophia Tran', 17, 'Daughter', '-', 0, 0, '400', 0, 'F', 'Church member', 0, 'Sophia', 'Tran', 0),
(125, 96, 'Selina Tran', 15, 'Daughter', '2nd child over 5yo', 0, 0, '300', 0, 'F', 'Church member', 0, 'Selina', 'Tran', 0),
(126, 96, 'Shayna Tran', 14, 'Daughter', '2nd child over 5yo', 0, 0, '300', 0, 'F', 'Church member', 0, 'Shayna', 'Tran', 0),
(127, 99, 'HOA XUAN NGUYEN', 49, 'Husband', '-', 0, 0, '400', 0, 'M', 'Church member', 0, 'HOA XUAN', 'NGUYEN', 0),
(128, 99, 'NATALIE NGUYEN', 16, 'Daughter', '-', 0, 0, '400', 0, 'F', 'Church member', 0, 'NATALIE', 'NGUYEN', 0),
(129, 99, 'EMELIE NGUYEN', 13, 'Daughter', '2nd child over 5yo', 0, 0, '300', 0, 'F', 'Church member', 0, 'EMELIE', 'NGUYEN', 0),
(130, 99, 'HOLLIE NGUYEN', 9, 'Daughter', '2nd child over 5yo', 0, 0, '220', 0, 'F', 'Church member', 0, 'HOLLIE', 'NGUYEN', 0),
(131, 99, 'MILLIE NGUYEN', 8, 'Daughter', '2nd child over 5yo', 0, 0, '220', 0, 'F', 'Church member', 0, 'MILLIE', 'NGUYEN', 0),
(132, 99, 'LUCAS NGUYEN', 2, 'Son', '2nd child 5yo or under', 0, 0, '0', 0, 'M', 'Church member', 0, 'LUCAS', 'NGUYEN', 0),
(133, 100, 'SARAH NGUYEN', 13, 'Daughter', '-', 0, 0, '400', 0, 'F', 'Church member', 0, 'SARAH', 'NGUYEN', 0),
(134, 100, 'AMY NGUYEN', 11, 'Daughter', '2nd child over 5yo', 0, 0, '220', 0, 'F', 'Church member', 0, 'AMY', 'NGUYEN', 0),
(135, 100, 'HENRY NGUYEN', 10, 'Son', '2nd child over 5yo', 0, 0, '220', 0, 'M', 'Church member', 0, 'HENRY', 'NGUYEN', 0),
(136, 102, 'Ngọc-Anh Thị Huỳnh', 68, 'Friend', '-', 0, 1, '375', 0, 'F', 'Truyền đạo', 0, 'Ngọc-Anh Thị', 'Huỳnh', 0),
(137, 103, 'Phu Nguyen', 89, 'Father', '-', 0, 1, '375', 0, 'M', 'Hội viên Hội thánh', 0, 'Phu', 'Nguyen', 1),
(138, 103, 'Luu Pham', 79, 'Mother', '-', 0, 1, '375', 0, 'F', 'Hội viên Hội thánh', 0, 'Luu', 'Pham', 1),
(139, 104, 'Thị Mỹ Dung Lê', 70, 'Mother', '-', 0, 1, '375', 0, 'F', 'Church member', 0, 'Thị Mỹ Dung', 'Lê', 1),
(140, 104, 'Thị Hoa Lan NGUYỄN', 33, 'Relative', '-', 0, 1, '425', 0, 'F', 'Church member', 0, 'Thị Hoa Lan', 'NGUYỄN', 0),
(141, 104, 'Martin Nguyên Dương', 2, 'Son', '-', 0, 1, '75', 0, 'M', 'Church member', 0, 'Martin Nguyên', 'Dương', 0),
(142, 107, 'Elijah Ngo', 11, 'Son', '-', 0, 0, '320', 0, 'M', 'Church member', 0, 'Elijah', 'Ngo', 0),
(143, 107, 'Naomi Ngo', 9, 'Daughter', '2nd child over 5yo', 0, 0, '220', 0, 'F', 'Church member', 0, 'Naomi', 'Ngo', 0),
(144, 107, 'Ezra Ngo', 5, 'Daughter', '2nd child 5yo or under', 0, 0, '0', 0, 'F', '', 0, 'Ezra', 'Ngo', 0),
(145, 107, 'Neriah Ngo', 4, 'Daughter', '2nd child 5yo or under', 0, 0, '0', 0, 'F', '', 0, 'Neriah', 'Ngo', 0);

-- --------------------------------------------------------

--
-- Stand-in structure for view `vAllRegos`
--
CREATE TABLE IF NOT EXISTS `vAllRegos` (
`MainContactId` int(4)
,`FullName` varchar(100)
,`Age` int(4)
,`Church` varchar(250)
,`Email` varchar(255)
,`Phone` varchar(15)
,`DateTimeEntered` datetime
,`AirportTransfer` tinyint(1)
,`Airbed` tinyint(1)
,`Comments` varchar(2000)
,`Fee` decimal(4,0)
,`Reference` varchar(30)
,`CheckedIn` tinyint(1)
,`Role` varchar(50)
,`Gender` varchar(1)
,`RName` varchar(100)
,`RAge` int(4)
,`RRelation` varchar(50)
,`RFamilyDiscount` varchar(100)
,`RAirBed` tinyint(1)
,`RAirportTransfer` tinyint(1)
,`RFee` decimal(4,0)
,`RCheckedIn` tinyint(1)
,`RegistrantId` int(4)
,`RRole` varchar(50)
,`RGender` varchar(1)
,`Cancelled` tinyint(1)
,`RCancelled` tinyint(1)
,`RPensioner` tinyint(1)
,`Pensioner` tinyint(1)
,`Empty` char(0)
,`Firstname` varchar(50)
,`Surname` varchar(50)
,`RFirstname` varchar(50)
,`RSurname` varchar(50)
);
-- --------------------------------------------------------

--
-- Structure for view `vAllRegos`
--
DROP TABLE IF EXISTS `vAllRegos`;

CREATE ALGORITHM=UNDEFINED DEFINER=`melbou99`@`localhost` SQL SECURITY DEFINER VIEW `vAllRegos` AS select `C`.`MainContactId` AS `MainContactId`,`C`.`FullName` AS `FullName`,`C`.`Age` AS `Age`,`C`.`Church` AS `Church`,`C`.`Email` AS `Email`,`C`.`Phone` AS `Phone`,`C`.`DateTimeEntered` AS `DateTimeEntered`,`C`.`AirportTransfer` AS `AirportTransfer`,`C`.`Airbed` AS `Airbed`,`C`.`Comments` AS `Comments`,`C`.`Fee` AS `Fee`,`C`.`Reference` AS `Reference`,`C`.`CheckedIn` AS `CheckedIn`,`C`.`Role` AS `Role`,`C`.`Gender` AS `Gender`,`R`.`FullName` AS `RName`,`R`.`Age` AS `RAge`,`R`.`Relation` AS `RRelation`,`R`.`FamilyDiscount` AS `RFamilyDiscount`,`R`.`Airbed` AS `RAirBed`,`R`.`AirportTransfer` AS `RAirportTransfer`,`R`.`Fee` AS `RFee`,`R`.`CheckedIn` AS `RCheckedIn`,`R`.`RegistrantId` AS `RegistrantId`,`R`.`Role` AS `RRole`,`R`.`Gender` AS `RGender`,`C`.`Cancelled` AS `Cancelled`,`R`.`Cancelled` AS `RCancelled`,`R`.`Pensioner` AS `RPensioner`,`C`.`Pensioner` AS `Pensioner`,'' AS `Empty`,`C`.`Firstname` AS `Firstname`,`C`.`Surname` AS `Surname`,`R`.`Firstname` AS `RFirstname`,`R`.`Surname` AS `RSurname` from (`MainContact` `C` left join `Registrant` `R` on((`R`.`MainContactId` = `C`.`MainContactId`))) order by `C`.`MainContactId`,`R`.`RegistrantId`;

/*!40101 SET CHARACTER_SET_CLIENT=@OLD_CHARACTER_SET_CLIENT */;
/*!40101 SET CHARACTER_SET_RESULTS=@OLD_CHARACTER_SET_RESULTS */;
/*!40101 SET COLLATION_CONNECTION=@OLD_COLLATION_CONNECTION */;
